[
{
  "model": "admin.logentry",
  "pk": 1,
  "fields": {
    "action_time": "2025-05-19T16:43:44.685Z",
    "user": 1,
    "content_type": 6,
    "object_id": "2",
    "object_repr": "lbcc@gmail.com",
    "action_flag": 3,
    "change_message": ""
  }
},
{
  "model": "admin.logentry",
  "pk": 2,
  "fields": {
    "action_time": "2025-05-20T13:41:26.039Z",
    "user": 1,
    "content_type": 6,
    "object_id": "3",
    "object_repr": "lbcc@gmail.com",
    "action_flag": 3,
    "change_message": ""
  }
},
{
  "model": "admin.logentry",
  "pk": 3,
  "fields": {
    "action_time": "2025-05-20T15:42:11.133Z",
    "user": 1,
    "content_type": 6,
    "object_id": "4",
    "object_repr": "lbcc@gmail.com",
    "action_flag": 3,
    "change_message": ""
  }
},
{
  "model": "admin.logentry",
  "pk": 4,
  "fields": {
    "action_time": "2025-05-20T16:11:55.333Z",
    "user": 1,
    "content_type": 6,
    "object_id": "5",
    "object_repr": "lbcc@gmail.com",
    "action_flag": 3,
    "change_message": ""
  }
},
{
  "model": "admin.logentry",
  "pk": 5,
  "fields": {
    "action_time": "2025-05-20T16:17:36.699Z",
    "user": 1,
    "content_type": 6,
    "object_id": "6",
    "object_repr": "lbcc@gmail.com",
    "action_flag": 3,
    "change_message": ""
  }
},
{
  "model": "admin.logentry",
  "pk": 6,
  "fields": {
    "action_time": "2025-05-20T16:30:47.408Z",
    "user": 1,
    "content_type": 6,
    "object_id": "7",
    "object_repr": "lbcc@gmail.com",
    "action_flag": 3,
    "change_message": ""
  }
},
{
  "model": "admin.logentry",
  "pk": 7,
  "fields": {
    "action_time": "2025-05-20T17:20:38.023Z",
    "user": 1,
    "content_type": 6,
    "object_id": "8",
    "object_repr": "lbcc@gmail.com",
    "action_flag": 3,
    "change_message": ""
  }
},
{
  "model": "admin.logentry",
  "pk": 8,
  "fields": {
    "action_time": "2025-05-20T17:43:29.922Z",
    "user": 1,
    "content_type": 6,
    "object_id": "9",
    "object_repr": "lbcc@gmail.com",
    "action_flag": 3,
    "change_message": ""
  }
},
{
  "model": "admin.logentry",
  "pk": 9,
  "fields": {
    "action_time": "2025-05-20T17:53:34.971Z",
    "user": 1,
    "content_type": 6,
    "object_id": "10",
    "object_repr": "lbcc@gmail.com",
    "action_flag": 3,
    "change_message": ""
  }
},
{
  "model": "admin.logentry",
  "pk": 10,
  "fields": {
    "action_time": "2025-05-20T18:02:18.033Z",
    "user": 1,
    "content_type": 6,
    "object_id": "11",
    "object_repr": "lbcc@gmail.com",
    "action_flag": 3,
    "change_message": ""
  }
},
{
  "model": "admin.logentry",
  "pk": 11,
  "fields": {
    "action_time": "2025-05-21T07:23:50.334Z",
    "user": 1,
    "content_type": 6,
    "object_id": "12",
    "object_repr": "lbcc@gmail.com",
    "action_flag": 3,
    "change_message": ""
  }
},
{
  "model": "admin.logentry",
  "pk": 12,
  "fields": {
    "action_time": "2025-05-21T08:22:19.546Z",
    "user": 1,
    "content_type": 6,
    "object_id": "13",
    "object_repr": "lbcc@gmail.com",
    "action_flag": 3,
    "change_message": ""
  }
},
{
  "model": "admin.logentry",
  "pk": 13,
  "fields": {
    "action_time": "2025-05-22T15:21:11.671Z",
    "user": 1,
    "content_type": 6,
    "object_id": "14",
    "object_repr": "lbcc@gmail.com",
    "action_flag": 3,
    "change_message": ""
  }
},
{
  "model": "admin.logentry",
  "pk": 14,
  "fields": {
    "action_time": "2025-05-22T15:21:11.671Z",
    "user": 1,
    "content_type": 6,
    "object_id": "15",
    "object_repr": "makuibc@gmail.com",
    "action_flag": 3,
    "change_message": ""
  }
},
{
  "model": "admin.logentry",
  "pk": 15,
  "fields": {
    "action_time": "2025-05-22T15:45:12.152Z",
    "user": 1,
    "content_type": 6,
    "object_id": "16",
    "object_repr": "makuibc@gmail.com",
    "action_flag": 3,
    "change_message": ""
  }
},
{
  "model": "admin.logentry",
  "pk": 16,
  "fields": {
    "action_time": "2025-05-23T10:46:52.642Z",
    "user": 1,
    "content_type": 7,
    "object_id": "1",
    "object_repr": "Makui Baptist Chuch",
    "action_flag": 2,
    "change_message": "[{\"changed\": {\"fields\": [\"Email address\"]}}]"
  }
},
{
  "model": "admin.logentry",
  "pk": 17,
  "fields": {
    "action_time": "2025-05-26T07:32:28.307Z",
    "user": 1,
    "content_type": 6,
    "object_id": "1",
    "object_repr": "ktchawang@yahoo.com",
    "action_flag": 2,
    "change_message": "[{\"changed\": {\"fields\": [\"Superuser status\"]}}]"
  }
},
{
  "model": "admin.logentry",
  "pk": 18,
  "fields": {
    "action_time": "2025-05-30T08:50:37.993Z",
    "user": 1,
    "content_type": 7,
    "object_id": "1",
    "object_repr": "Makui Baptist Church",
    "action_flag": 2,
    "change_message": "[{\"changed\": {\"fields\": [\"Church name\"]}}]"
  }
},
{
  "model": "admin.logentry",
  "pk": 19,
  "fields": {
    "action_time": "2025-06-14T17:57:11.366Z",
    "user": 1,
    "content_type": 14,
    "object_id": "1",
    "object_repr": "Ngamraibou Chawang",
    "action_flag": 3,
    "change_message": ""
  }
},
{
  "model": "admin.logentry",
  "pk": 20,
  "fields": {
    "action_time": "2025-06-15T19:56:47.341Z",
    "user": 1,
    "content_type": 12,
    "object_id": "5",
    "object_repr": "sunday school foundation day - 2025-06-15 19:21",
    "action_flag": 3,
    "change_message": ""
  }
},
{
  "model": "admin.logentry",
  "pk": 21,
  "fields": {
    "action_time": "2025-06-15T19:56:47.341Z",
    "user": 1,
    "content_type": 12,
    "object_id": "4",
    "object_repr": "sunday school foundation day - 2025-06-15 19:03",
    "action_flag": 3,
    "change_message": ""
  }
},
{
  "model": "admin.logentry",
  "pk": 22,
  "fields": {
    "action_time": "2025-06-15T19:56:47.341Z",
    "user": 1,
    "content_type": 12,
    "object_id": "3",
    "object_repr": "sunday school foundation day - 2025-06-15 17:31",
    "action_flag": 3,
    "change_message": ""
  }
},
{
  "model": "admin.logentry",
  "pk": 23,
  "fields": {
    "action_time": "2025-06-15T19:56:47.341Z",
    "user": 1,
    "content_type": 12,
    "object_id": "2",
    "object_repr": "sunday school foundation day - 2025-06-15 17:31",
    "action_flag": 3,
    "change_message": ""
  }
},
{
  "model": "admin.logentry",
  "pk": 24,
  "fields": {
    "action_time": "2025-06-15T19:56:47.341Z",
    "user": 1,
    "content_type": 12,
    "object_id": "1",
    "object_repr": "sunday school foundation day - 2025-06-15 17:31",
    "action_flag": 3,
    "change_message": ""
  }
},
{
  "model": "admin.logentry",
  "pk": 25,
  "fields": {
    "action_time": "2025-07-13T10:52:02.932Z",
    "user": 1,
    "content_type": 28,
    "object_id": "1",
    "object_repr": "Zenith Smith",
    "action_flag": 1,
    "change_message": "[{\"added\": {}}]"
  }
},
{
  "model": "admin.logentry",
  "pk": 26,
  "fields": {
    "action_time": "2025-07-13T11:44:02.192Z",
    "user": 1,
    "content_type": 29,
    "object_id": "1",
    "object_repr": "A Message from the Developer's Desk",
    "action_flag": 1,
    "change_message": "[{\"added\": {}}]"
  }
},
{
  "model": "admin.logentry",
  "pk": 27,
  "fields": {
    "action_time": "2025-07-14T05:48:57.159Z",
    "user": 1,
    "content_type": 30,
    "object_id": "1",
    "object_repr": "GQLBJSML9RDJ1T4D0W6P – UNUSED",
    "action_flag": 1,
    "change_message": "[{\"added\": {}}]"
  }
},
{
  "model": "admin.logentry",
  "pk": 28,
  "fields": {
    "action_time": "2025-07-14T07:11:51.913Z",
    "user": 1,
    "content_type": 31,
    "object_id": "1",
    "object_repr": "Makui Baptist Church – monthly – ACTIVE",
    "action_flag": 1,
    "change_message": "[{\"added\": {}}]"
  }
},
{
  "model": "admin.logentry",
  "pk": 29,
  "fields": {
    "action_time": "2025-07-14T07:24:09.366Z",
    "user": 1,
    "content_type": 31,
    "object_id": "1",
    "object_repr": "Makui Baptist Church – monthly – ACTIVE",
    "action_flag": 2,
    "change_message": "[{\"changed\": {\"fields\": [\"Last paid at\"]}}]"
  }
},
{
  "model": "admin.logentry",
  "pk": 30,
  "fields": {
    "action_time": "2025-07-14T07:24:18.952Z",
    "user": 1,
    "content_type": 31,
    "object_id": "1",
    "object_repr": "Makui Baptist Church – monthly – ACTIVE",
    "action_flag": 2,
    "change_message": "[]"
  }
},
{
  "model": "admin.logentry",
  "pk": 31,
  "fields": {
    "action_time": "2025-07-14T07:41:09.195Z",
    "user": 1,
    "content_type": 31,
    "object_id": "1",
    "object_repr": "Makui Baptist Church – monthly – ACTIVE",
    "action_flag": 2,
    "change_message": "[]"
  }
},
{
  "model": "admin.logentry",
  "pk": 32,
  "fields": {
    "action_time": "2025-07-14T08:57:42.750Z",
    "user": 1,
    "content_type": 32,
    "object_id": "1",
    "object_repr": "UPI Payment - ngamraibouchawang@oksbi",
    "action_flag": 1,
    "change_message": "[{\"added\": {}}]"
  }
},
{
  "model": "admin.logentry",
  "pk": 33,
  "fields": {
    "action_time": "2025-07-14T10:16:16.936Z",
    "user": 1,
    "content_type": 7,
    "object_id": "7",
    "object_repr": "Demo Church",
    "action_flag": 3,
    "change_message": ""
  }
},
{
  "model": "admin.logentry",
  "pk": 34,
  "fields": {
    "action_time": "2025-07-14T10:37:10.760Z",
    "user": 1,
    "content_type": 7,
    "object_id": "9",
    "object_repr": "Manipur",
    "action_flag": 3,
    "change_message": ""
  }
},
{
  "model": "admin.logentry",
  "pk": 35,
  "fields": {
    "action_time": "2025-07-14T10:37:10.760Z",
    "user": 1,
    "content_type": 7,
    "object_id": "8",
    "object_repr": "Demo Baptist Church",
    "action_flag": 3,
    "change_message": ""
  }
},
{
  "model": "admin.logentry",
  "pk": 36,
  "fields": {
    "action_time": "2025-07-14T10:37:10.760Z",
    "user": 1,
    "content_type": 7,
    "object_id": "6",
    "object_repr": "Demo Church",
    "action_flag": 3,
    "change_message": ""
  }
},
{
  "model": "admin.logentry",
  "pk": 37,
  "fields": {
    "action_time": "2025-07-14T10:59:42.707Z",
    "user": 1,
    "content_type": 7,
    "object_id": "10",
    "object_repr": "Manipur",
    "action_flag": 3,
    "change_message": ""
  }
},
{
  "model": "admin.logentry",
  "pk": 38,
  "fields": {
    "action_time": "2025-07-14T11:14:15.046Z",
    "user": 1,
    "content_type": 7,
    "object_id": "11",
    "object_repr": "Demo Church",
    "action_flag": 3,
    "change_message": ""
  }
},
{
  "model": "admin.logentry",
  "pk": 39,
  "fields": {
    "action_time": "2025-07-14T14:21:15.533Z",
    "user": 1,
    "content_type": 31,
    "object_id": "2",
    "object_repr": "Demo Church – monthly – ACTIVE",
    "action_flag": 2,
    "change_message": "[{\"changed\": {\"fields\": [\"Amount\", \"Payment note\"]}}]"
  }
},
{
  "model": "admin.logentry",
  "pk": 40,
  "fields": {
    "action_time": "2025-07-14T14:21:26.776Z",
    "user": 1,
    "content_type": 31,
    "object_id": "1",
    "object_repr": "Makui Baptist Church – monthly – ACTIVE",
    "action_flag": 2,
    "change_message": "[]"
  }
},
{
  "model": "admin.logentry",
  "pk": 41,
  "fields": {
    "action_time": "2025-07-14T14:28:52.609Z",
    "user": 1,
    "content_type": 30,
    "object_id": "1",
    "object_repr": "GQLBJSML9RDJ1T4D0W6P – UNUSED",
    "action_flag": 2,
    "change_message": "[{\"changed\": {\"fields\": [\"Notes\"]}}]"
  }
},
{
  "model": "admin.logentry",
  "pk": 42,
  "fields": {
    "action_time": "2025-07-15T09:43:15.468Z",
    "user": 1,
    "content_type": 28,
    "object_id": "1",
    "object_repr": "Samuel",
    "action_flag": 2,
    "change_message": "[{\"changed\": {\"fields\": [\"Name\", \"Message\", \"Photo\"]}}]"
  }
},
{
  "model": "admin.logentry",
  "pk": 43,
  "fields": {
    "action_time": "2025-07-15T09:48:03.902Z",
    "user": 1,
    "content_type": 28,
    "object_id": "2",
    "object_repr": "R Namgompibou",
    "action_flag": 1,
    "change_message": "[{\"added\": {}}]"
  }
},
{
  "model": "admin.logentry",
  "pk": 44,
  "fields": {
    "action_time": "2025-07-15T09:49:14.288Z",
    "user": 1,
    "content_type": 28,
    "object_id": "2",
    "object_repr": "Namgompibou Ringkangmai  Mission Secretary, LBCA/M",
    "action_flag": 2,
    "change_message": "[{\"changed\": {\"fields\": [\"Name\"]}}]"
  }
},
{
  "model": "admin.logentry",
  "pk": 45,
  "fields": {
    "action_time": "2025-07-15T09:49:41.778Z",
    "user": 1,
    "content_type": 28,
    "object_id": "2",
    "object_repr": "Namgompibou Ringkangmai,  Mission Secretary, LBCA/M",
    "action_flag": 2,
    "change_message": "[{\"changed\": {\"fields\": [\"Name\"]}}]"
  }
},
{
  "model": "admin.logentry",
  "pk": 46,
  "fields": {
    "action_time": "2025-07-15T09:50:04.232Z",
    "user": 1,
    "content_type": 28,
    "object_id": "1",
    "object_repr": "Pastor Samuel",
    "action_flag": 2,
    "change_message": "[{\"changed\": {\"fields\": [\"Name\", \"Message\"]}}]"
  }
},
{
  "model": "admin.logentry",
  "pk": 47,
  "fields": {
    "action_time": "2025-07-15T09:54:30.819Z",
    "user": 1,
    "content_type": 28,
    "object_id": "3",
    "object_repr": "Sister Rachel",
    "action_flag": 1,
    "change_message": "[{\"added\": {}}]"
  }
},
{
  "model": "admin.logentry",
  "pk": 48,
  "fields": {
    "action_time": "2025-07-15T12:07:22.806Z",
    "user": 1,
    "content_type": 29,
    "object_id": "1",
    "object_repr": "A Message from the Developer's Desk",
    "action_flag": 2,
    "change_message": "[{\"changed\": {\"fields\": [\"Message\"]}}]"
  }
},
{
  "model": "admin.logentry",
  "pk": 49,
  "fields": {
    "action_time": "2025-07-15T12:08:28.394Z",
    "user": 1,
    "content_type": 29,
    "object_id": "1",
    "object_repr": "A Message from the Developer's Desk",
    "action_flag": 2,
    "change_message": "[{\"changed\": {\"fields\": [\"Message\"]}}]"
  }
},
{
  "model": "admin.logentry",
  "pk": 50,
  "fields": {
    "action_time": "2025-07-15T12:09:13.726Z",
    "user": 1,
    "content_type": 29,
    "object_id": "1",
    "object_repr": "A Message from the Developer's Desk",
    "action_flag": 2,
    "change_message": "[{\"changed\": {\"fields\": [\"Message\"]}}]"
  }
},
{
  "model": "admin.logentry",
  "pk": 51,
  "fields": {
    "action_time": "2025-07-15T12:09:25.964Z",
    "user": 1,
    "content_type": 29,
    "object_id": "1",
    "object_repr": "A Message from the Developer's Desk",
    "action_flag": 2,
    "change_message": "[]"
  }
},
{
  "model": "auth.permission",
  "pk": 1,
  "fields": {
    "name": "Can add log entry",
    "content_type": 1,
    "codename": "add_logentry"
  }
},
{
  "model": "auth.permission",
  "pk": 2,
  "fields": {
    "name": "Can change log entry",
    "content_type": 1,
    "codename": "change_logentry"
  }
},
{
  "model": "auth.permission",
  "pk": 3,
  "fields": {
    "name": "Can delete log entry",
    "content_type": 1,
    "codename": "delete_logentry"
  }
},
{
  "model": "auth.permission",
  "pk": 4,
  "fields": {
    "name": "Can view log entry",
    "content_type": 1,
    "codename": "view_logentry"
  }
},
{
  "model": "auth.permission",
  "pk": 5,
  "fields": {
    "name": "Can add permission",
    "content_type": 2,
    "codename": "add_permission"
  }
},
{
  "model": "auth.permission",
  "pk": 6,
  "fields": {
    "name": "Can change permission",
    "content_type": 2,
    "codename": "change_permission"
  }
},
{
  "model": "auth.permission",
  "pk": 7,
  "fields": {
    "name": "Can delete permission",
    "content_type": 2,
    "codename": "delete_permission"
  }
},
{
  "model": "auth.permission",
  "pk": 8,
  "fields": {
    "name": "Can view permission",
    "content_type": 2,
    "codename": "view_permission"
  }
},
{
  "model": "auth.permission",
  "pk": 9,
  "fields": {
    "name": "Can add group",
    "content_type": 3,
    "codename": "add_group"
  }
},
{
  "model": "auth.permission",
  "pk": 10,
  "fields": {
    "name": "Can change group",
    "content_type": 3,
    "codename": "change_group"
  }
},
{
  "model": "auth.permission",
  "pk": 11,
  "fields": {
    "name": "Can delete group",
    "content_type": 3,
    "codename": "delete_group"
  }
},
{
  "model": "auth.permission",
  "pk": 12,
  "fields": {
    "name": "Can view group",
    "content_type": 3,
    "codename": "view_group"
  }
},
{
  "model": "auth.permission",
  "pk": 13,
  "fields": {
    "name": "Can add content type",
    "content_type": 4,
    "codename": "add_contenttype"
  }
},
{
  "model": "auth.permission",
  "pk": 14,
  "fields": {
    "name": "Can change content type",
    "content_type": 4,
    "codename": "change_contenttype"
  }
},
{
  "model": "auth.permission",
  "pk": 15,
  "fields": {
    "name": "Can delete content type",
    "content_type": 4,
    "codename": "delete_contenttype"
  }
},
{
  "model": "auth.permission",
  "pk": 16,
  "fields": {
    "name": "Can view content type",
    "content_type": 4,
    "codename": "view_contenttype"
  }
},
{
  "model": "auth.permission",
  "pk": 17,
  "fields": {
    "name": "Can add session",
    "content_type": 5,
    "codename": "add_session"
  }
},
{
  "model": "auth.permission",
  "pk": 18,
  "fields": {
    "name": "Can change session",
    "content_type": 5,
    "codename": "change_session"
  }
},
{
  "model": "auth.permission",
  "pk": 19,
  "fields": {
    "name": "Can delete session",
    "content_type": 5,
    "codename": "delete_session"
  }
},
{
  "model": "auth.permission",
  "pk": 20,
  "fields": {
    "name": "Can view session",
    "content_type": 5,
    "codename": "view_session"
  }
},
{
  "model": "auth.permission",
  "pk": 21,
  "fields": {
    "name": "Can add user",
    "content_type": 6,
    "codename": "add_customuser"
  }
},
{
  "model": "auth.permission",
  "pk": 22,
  "fields": {
    "name": "Can change user",
    "content_type": 6,
    "codename": "change_customuser"
  }
},
{
  "model": "auth.permission",
  "pk": 23,
  "fields": {
    "name": "Can delete user",
    "content_type": 6,
    "codename": "delete_customuser"
  }
},
{
  "model": "auth.permission",
  "pk": 24,
  "fields": {
    "name": "Can view user",
    "content_type": 6,
    "codename": "view_customuser"
  }
},
{
  "model": "auth.permission",
  "pk": 25,
  "fields": {
    "name": "Can add church",
    "content_type": 7,
    "codename": "add_church"
  }
},
{
  "model": "auth.permission",
  "pk": 26,
  "fields": {
    "name": "Can change church",
    "content_type": 7,
    "codename": "change_church"
  }
},
{
  "model": "auth.permission",
  "pk": 27,
  "fields": {
    "name": "Can delete church",
    "content_type": 7,
    "codename": "delete_church"
  }
},
{
  "model": "auth.permission",
  "pk": 28,
  "fields": {
    "name": "Can view church",
    "content_type": 7,
    "codename": "view_church"
  }
},
{
  "model": "auth.permission",
  "pk": 29,
  "fields": {
    "name": "Can add chat room",
    "content_type": 8,
    "codename": "add_chatroom"
  }
},
{
  "model": "auth.permission",
  "pk": 30,
  "fields": {
    "name": "Can change chat room",
    "content_type": 8,
    "codename": "change_chatroom"
  }
},
{
  "model": "auth.permission",
  "pk": 31,
  "fields": {
    "name": "Can delete chat room",
    "content_type": 8,
    "codename": "delete_chatroom"
  }
},
{
  "model": "auth.permission",
  "pk": 32,
  "fields": {
    "name": "Can view chat room",
    "content_type": 8,
    "codename": "view_chatroom"
  }
},
{
  "model": "auth.permission",
  "pk": 33,
  "fields": {
    "name": "Can add announcement",
    "content_type": 9,
    "codename": "add_announcement"
  }
},
{
  "model": "auth.permission",
  "pk": 34,
  "fields": {
    "name": "Can change announcement",
    "content_type": 9,
    "codename": "change_announcement"
  }
},
{
  "model": "auth.permission",
  "pk": 35,
  "fields": {
    "name": "Can delete announcement",
    "content_type": 9,
    "codename": "delete_announcement"
  }
},
{
  "model": "auth.permission",
  "pk": 36,
  "fields": {
    "name": "Can view announcement",
    "content_type": 9,
    "codename": "view_announcement"
  }
},
{
  "model": "auth.permission",
  "pk": 37,
  "fields": {
    "name": "Can add church admin profile",
    "content_type": 10,
    "codename": "add_churchadminprofile"
  }
},
{
  "model": "auth.permission",
  "pk": 38,
  "fields": {
    "name": "Can change church admin profile",
    "content_type": 10,
    "codename": "change_churchadminprofile"
  }
},
{
  "model": "auth.permission",
  "pk": 39,
  "fields": {
    "name": "Can delete church admin profile",
    "content_type": 10,
    "codename": "delete_churchadminprofile"
  }
},
{
  "model": "auth.permission",
  "pk": 40,
  "fields": {
    "name": "Can view church admin profile",
    "content_type": 10,
    "codename": "view_churchadminprofile"
  }
},
{
  "model": "auth.permission",
  "pk": 41,
  "fields": {
    "name": "Can add event",
    "content_type": 11,
    "codename": "add_event"
  }
},
{
  "model": "auth.permission",
  "pk": 42,
  "fields": {
    "name": "Can change event",
    "content_type": 11,
    "codename": "change_event"
  }
},
{
  "model": "auth.permission",
  "pk": 43,
  "fields": {
    "name": "Can delete event",
    "content_type": 11,
    "codename": "delete_event"
  }
},
{
  "model": "auth.permission",
  "pk": 44,
  "fields": {
    "name": "Can view event",
    "content_type": 11,
    "codename": "view_event"
  }
},
{
  "model": "auth.permission",
  "pk": 45,
  "fields": {
    "name": "Can add live stream",
    "content_type": 12,
    "codename": "add_livestream"
  }
},
{
  "model": "auth.permission",
  "pk": 46,
  "fields": {
    "name": "Can change live stream",
    "content_type": 12,
    "codename": "change_livestream"
  }
},
{
  "model": "auth.permission",
  "pk": 47,
  "fields": {
    "name": "Can delete live stream",
    "content_type": 12,
    "codename": "delete_livestream"
  }
},
{
  "model": "auth.permission",
  "pk": 48,
  "fields": {
    "name": "Can view live stream",
    "content_type": 12,
    "codename": "view_livestream"
  }
},
{
  "model": "auth.permission",
  "pk": 49,
  "fields": {
    "name": "Can add member category",
    "content_type": 13,
    "codename": "add_membercategory"
  }
},
{
  "model": "auth.permission",
  "pk": 50,
  "fields": {
    "name": "Can change member category",
    "content_type": 13,
    "codename": "change_membercategory"
  }
},
{
  "model": "auth.permission",
  "pk": 51,
  "fields": {
    "name": "Can delete member category",
    "content_type": 13,
    "codename": "delete_membercategory"
  }
},
{
  "model": "auth.permission",
  "pk": 52,
  "fields": {
    "name": "Can view member category",
    "content_type": 13,
    "codename": "view_membercategory"
  }
},
{
  "model": "auth.permission",
  "pk": 53,
  "fields": {
    "name": "Can add member",
    "content_type": 14,
    "codename": "add_member"
  }
},
{
  "model": "auth.permission",
  "pk": 54,
  "fields": {
    "name": "Can change member",
    "content_type": 14,
    "codename": "change_member"
  }
},
{
  "model": "auth.permission",
  "pk": 55,
  "fields": {
    "name": "Can delete member",
    "content_type": 14,
    "codename": "delete_member"
  }
},
{
  "model": "auth.permission",
  "pk": 56,
  "fields": {
    "name": "Can view member",
    "content_type": 14,
    "codename": "view_member"
  }
},
{
  "model": "auth.permission",
  "pk": 57,
  "fields": {
    "name": "Can add message",
    "content_type": 15,
    "codename": "add_message"
  }
},
{
  "model": "auth.permission",
  "pk": 58,
  "fields": {
    "name": "Can change message",
    "content_type": 15,
    "codename": "change_message"
  }
},
{
  "model": "auth.permission",
  "pk": 59,
  "fields": {
    "name": "Can delete message",
    "content_type": 15,
    "codename": "delete_message"
  }
},
{
  "model": "auth.permission",
  "pk": 60,
  "fields": {
    "name": "Can view message",
    "content_type": 15,
    "codename": "view_message"
  }
},
{
  "model": "auth.permission",
  "pk": 61,
  "fields": {
    "name": "Can add stewardship record",
    "content_type": 16,
    "codename": "add_stewardshiprecord"
  }
},
{
  "model": "auth.permission",
  "pk": 62,
  "fields": {
    "name": "Can change stewardship record",
    "content_type": 16,
    "codename": "change_stewardshiprecord"
  }
},
{
  "model": "auth.permission",
  "pk": 63,
  "fields": {
    "name": "Can delete stewardship record",
    "content_type": 16,
    "codename": "delete_stewardshiprecord"
  }
},
{
  "model": "auth.permission",
  "pk": 64,
  "fields": {
    "name": "Can view stewardship record",
    "content_type": 16,
    "codename": "view_stewardshiprecord"
  }
},
{
  "model": "auth.permission",
  "pk": 65,
  "fields": {
    "name": "Can add volunteer",
    "content_type": 17,
    "codename": "add_volunteer"
  }
},
{
  "model": "auth.permission",
  "pk": 66,
  "fields": {
    "name": "Can change volunteer",
    "content_type": 17,
    "codename": "change_volunteer"
  }
},
{
  "model": "auth.permission",
  "pk": 67,
  "fields": {
    "name": "Can delete volunteer",
    "content_type": 17,
    "codename": "delete_volunteer"
  }
},
{
  "model": "auth.permission",
  "pk": 68,
  "fields": {
    "name": "Can view volunteer",
    "content_type": 17,
    "codename": "view_volunteer"
  }
},
{
  "model": "auth.permission",
  "pk": 69,
  "fields": {
    "name": "Can add sunday income receipt",
    "content_type": 18,
    "codename": "add_sundayincomereceipt"
  }
},
{
  "model": "auth.permission",
  "pk": 70,
  "fields": {
    "name": "Can change sunday income receipt",
    "content_type": 18,
    "codename": "change_sundayincomereceipt"
  }
},
{
  "model": "auth.permission",
  "pk": 71,
  "fields": {
    "name": "Can delete sunday income receipt",
    "content_type": 18,
    "codename": "delete_sundayincomereceipt"
  }
},
{
  "model": "auth.permission",
  "pk": 72,
  "fields": {
    "name": "Can view sunday income receipt",
    "content_type": 18,
    "codename": "view_sundayincomereceipt"
  }
},
{
  "model": "auth.permission",
  "pk": 73,
  "fields": {
    "name": "Can add audit log",
    "content_type": 19,
    "codename": "add_auditlog"
  }
},
{
  "model": "auth.permission",
  "pk": 74,
  "fields": {
    "name": "Can change audit log",
    "content_type": 19,
    "codename": "change_auditlog"
  }
},
{
  "model": "auth.permission",
  "pk": 75,
  "fields": {
    "name": "Can delete audit log",
    "content_type": 19,
    "codename": "delete_auditlog"
  }
},
{
  "model": "auth.permission",
  "pk": 76,
  "fields": {
    "name": "Can view audit log",
    "content_type": 19,
    "codename": "view_auditlog"
  }
},
{
  "model": "auth.permission",
  "pk": 77,
  "fields": {
    "name": "Can add notification",
    "content_type": 20,
    "codename": "add_notification"
  }
},
{
  "model": "auth.permission",
  "pk": 78,
  "fields": {
    "name": "Can change notification",
    "content_type": 20,
    "codename": "change_notification"
  }
},
{
  "model": "auth.permission",
  "pk": 79,
  "fields": {
    "name": "Can delete notification",
    "content_type": 20,
    "codename": "delete_notification"
  }
},
{
  "model": "auth.permission",
  "pk": 80,
  "fields": {
    "name": "Can view notification",
    "content_type": 20,
    "codename": "view_notification"
  }
},
{
  "model": "auth.permission",
  "pk": 81,
  "fields": {
    "name": "Can add online giving",
    "content_type": 21,
    "codename": "add_onlinegiving"
  }
},
{
  "model": "auth.permission",
  "pk": 82,
  "fields": {
    "name": "Can change online giving",
    "content_type": 21,
    "codename": "change_onlinegiving"
  }
},
{
  "model": "auth.permission",
  "pk": 83,
  "fields": {
    "name": "Can delete online giving",
    "content_type": 21,
    "codename": "delete_onlinegiving"
  }
},
{
  "model": "auth.permission",
  "pk": 84,
  "fields": {
    "name": "Can view online giving",
    "content_type": 21,
    "codename": "view_onlinegiving"
  }
},
{
  "model": "auth.permission",
  "pk": 85,
  "fields": {
    "name": "Can add sms log",
    "content_type": 22,
    "codename": "add_smslog"
  }
},
{
  "model": "auth.permission",
  "pk": 86,
  "fields": {
    "name": "Can change sms log",
    "content_type": 22,
    "codename": "change_smslog"
  }
},
{
  "model": "auth.permission",
  "pk": 87,
  "fields": {
    "name": "Can delete sms log",
    "content_type": 22,
    "codename": "delete_smslog"
  }
},
{
  "model": "auth.permission",
  "pk": 88,
  "fields": {
    "name": "Can view sms log",
    "content_type": 22,
    "codename": "view_smslog"
  }
},
{
  "model": "auth.permission",
  "pk": 89,
  "fields": {
    "name": "Can add bible reading plan",
    "content_type": 23,
    "codename": "add_biblereadingplan"
  }
},
{
  "model": "auth.permission",
  "pk": 90,
  "fields": {
    "name": "Can change bible reading plan",
    "content_type": 23,
    "codename": "change_biblereadingplan"
  }
},
{
  "model": "auth.permission",
  "pk": 91,
  "fields": {
    "name": "Can delete bible reading plan",
    "content_type": 23,
    "codename": "delete_biblereadingplan"
  }
},
{
  "model": "auth.permission",
  "pk": 92,
  "fields": {
    "name": "Can view bible reading plan",
    "content_type": 23,
    "codename": "view_biblereadingplan"
  }
},
{
  "model": "auth.permission",
  "pk": 93,
  "fields": {
    "name": "Can add activity log",
    "content_type": 24,
    "codename": "add_activitylog"
  }
},
{
  "model": "auth.permission",
  "pk": 94,
  "fields": {
    "name": "Can change activity log",
    "content_type": 24,
    "codename": "change_activitylog"
  }
},
{
  "model": "auth.permission",
  "pk": 95,
  "fields": {
    "name": "Can delete activity log",
    "content_type": 24,
    "codename": "delete_activitylog"
  }
},
{
  "model": "auth.permission",
  "pk": 96,
  "fields": {
    "name": "Can view activity log",
    "content_type": 24,
    "codename": "view_activitylog"
  }
},
{
  "model": "auth.permission",
  "pk": 97,
  "fields": {
    "name": "Can add member reading log",
    "content_type": 25,
    "codename": "add_memberreadinglog"
  }
},
{
  "model": "auth.permission",
  "pk": 98,
  "fields": {
    "name": "Can change member reading log",
    "content_type": 25,
    "codename": "change_memberreadinglog"
  }
},
{
  "model": "auth.permission",
  "pk": 99,
  "fields": {
    "name": "Can delete member reading log",
    "content_type": 25,
    "codename": "delete_memberreadinglog"
  }
},
{
  "model": "auth.permission",
  "pk": 100,
  "fields": {
    "name": "Can view member reading log",
    "content_type": 25,
    "codename": "view_memberreadinglog"
  }
},
{
  "model": "auth.permission",
  "pk": 101,
  "fields": {
    "name": "Can add prayer request",
    "content_type": 26,
    "codename": "add_prayerrequest"
  }
},
{
  "model": "auth.permission",
  "pk": 102,
  "fields": {
    "name": "Can change prayer request",
    "content_type": 26,
    "codename": "change_prayerrequest"
  }
},
{
  "model": "auth.permission",
  "pk": 103,
  "fields": {
    "name": "Can delete prayer request",
    "content_type": 26,
    "codename": "delete_prayerrequest"
  }
},
{
  "model": "auth.permission",
  "pk": 104,
  "fields": {
    "name": "Can view prayer request",
    "content_type": 26,
    "codename": "view_prayerrequest"
  }
},
{
  "model": "auth.permission",
  "pk": 105,
  "fields": {
    "name": "Can add advertisement",
    "content_type": 27,
    "codename": "add_advertisement"
  }
},
{
  "model": "auth.permission",
  "pk": 106,
  "fields": {
    "name": "Can change advertisement",
    "content_type": 27,
    "codename": "change_advertisement"
  }
},
{
  "model": "auth.permission",
  "pk": 107,
  "fields": {
    "name": "Can delete advertisement",
    "content_type": 27,
    "codename": "delete_advertisement"
  }
},
{
  "model": "auth.permission",
  "pk": 108,
  "fields": {
    "name": "Can view advertisement",
    "content_type": 27,
    "codename": "view_advertisement"
  }
},
{
  "model": "auth.permission",
  "pk": 109,
  "fields": {
    "name": "Can add testimonial",
    "content_type": 28,
    "codename": "add_testimonial"
  }
},
{
  "model": "auth.permission",
  "pk": 110,
  "fields": {
    "name": "Can change testimonial",
    "content_type": 28,
    "codename": "change_testimonial"
  }
},
{
  "model": "auth.permission",
  "pk": 111,
  "fields": {
    "name": "Can delete testimonial",
    "content_type": 28,
    "codename": "delete_testimonial"
  }
},
{
  "model": "auth.permission",
  "pk": 112,
  "fields": {
    "name": "Can view testimonial",
    "content_type": 28,
    "codename": "view_testimonial"
  }
},
{
  "model": "auth.permission",
  "pk": 113,
  "fields": {
    "name": "Can add chairman message",
    "content_type": 29,
    "codename": "add_chairmanmessage"
  }
},
{
  "model": "auth.permission",
  "pk": 114,
  "fields": {
    "name": "Can change chairman message",
    "content_type": 29,
    "codename": "change_chairmanmessage"
  }
},
{
  "model": "auth.permission",
  "pk": 115,
  "fields": {
    "name": "Can delete chairman message",
    "content_type": 29,
    "codename": "delete_chairmanmessage"
  }
},
{
  "model": "auth.permission",
  "pk": 116,
  "fields": {
    "name": "Can view chairman message",
    "content_type": 29,
    "codename": "view_chairmanmessage"
  }
},
{
  "model": "auth.permission",
  "pk": 117,
  "fields": {
    "name": "Can add license key",
    "content_type": 30,
    "codename": "add_licensekey"
  }
},
{
  "model": "auth.permission",
  "pk": 118,
  "fields": {
    "name": "Can change license key",
    "content_type": 30,
    "codename": "change_licensekey"
  }
},
{
  "model": "auth.permission",
  "pk": 119,
  "fields": {
    "name": "Can delete license key",
    "content_type": 30,
    "codename": "delete_licensekey"
  }
},
{
  "model": "auth.permission",
  "pk": 120,
  "fields": {
    "name": "Can view license key",
    "content_type": 30,
    "codename": "view_licensekey"
  }
},
{
  "model": "auth.permission",
  "pk": 121,
  "fields": {
    "name": "Can add subscription",
    "content_type": 31,
    "codename": "add_subscription"
  }
},
{
  "model": "auth.permission",
  "pk": 122,
  "fields": {
    "name": "Can change subscription",
    "content_type": 31,
    "codename": "change_subscription"
  }
},
{
  "model": "auth.permission",
  "pk": 123,
  "fields": {
    "name": "Can delete subscription",
    "content_type": 31,
    "codename": "delete_subscription"
  }
},
{
  "model": "auth.permission",
  "pk": 124,
  "fields": {
    "name": "Can view subscription",
    "content_type": 31,
    "codename": "view_subscription"
  }
},
{
  "model": "auth.permission",
  "pk": 125,
  "fields": {
    "name": "Can add payment qr code",
    "content_type": 32,
    "codename": "add_paymentqrcode"
  }
},
{
  "model": "auth.permission",
  "pk": 126,
  "fields": {
    "name": "Can change payment qr code",
    "content_type": 32,
    "codename": "change_paymentqrcode"
  }
},
{
  "model": "auth.permission",
  "pk": 127,
  "fields": {
    "name": "Can delete payment qr code",
    "content_type": 32,
    "codename": "delete_paymentqrcode"
  }
},
{
  "model": "auth.permission",
  "pk": 128,
  "fields": {
    "name": "Can view payment qr code",
    "content_type": 32,
    "codename": "view_paymentqrcode"
  }
},
{
  "model": "auth.permission",
  "pk": 129,
  "fields": {
    "name": "Can add member chat message",
    "content_type": 33,
    "codename": "add_memberchatmessage"
  }
},
{
  "model": "auth.permission",
  "pk": 130,
  "fields": {
    "name": "Can change member chat message",
    "content_type": 33,
    "codename": "change_memberchatmessage"
  }
},
{
  "model": "auth.permission",
  "pk": 131,
  "fields": {
    "name": "Can delete member chat message",
    "content_type": 33,
    "codename": "delete_memberchatmessage"
  }
},
{
  "model": "auth.permission",
  "pk": 132,
  "fields": {
    "name": "Can view member chat message",
    "content_type": 33,
    "codename": "view_memberchatmessage"
  }
},
{
  "model": "auth.permission",
  "pk": 133,
  "fields": {
    "name": "Can moderate member chat messages",
    "content_type": 33,
    "codename": "moderate_message"
  }
},
{
  "model": "auth.group",
  "pk": 1,
  "fields": {
    "name": "Chat Moderator",
    "permissions": [
      133
    ]
  }
},
{
  "model": "contenttypes.contenttype",
  "pk": 1,
  "fields": {
    "app_label": "admin",
    "model": "logentry"
  }
},
{
  "model": "contenttypes.contenttype",
  "pk": 2,
  "fields": {
    "app_label": "auth",
    "model": "permission"
  }
},
{
  "model": "contenttypes.contenttype",
  "pk": 3,
  "fields": {
    "app_label": "auth",
    "model": "group"
  }
},
{
  "model": "contenttypes.contenttype",
  "pk": 4,
  "fields": {
    "app_label": "contenttypes",
    "model": "contenttype"
  }
},
{
  "model": "contenttypes.contenttype",
  "pk": 5,
  "fields": {
    "app_label": "sessions",
    "model": "session"
  }
},
{
  "model": "contenttypes.contenttype",
  "pk": 6,
  "fields": {
    "app_label": "church",
    "model": "customuser"
  }
},
{
  "model": "contenttypes.contenttype",
  "pk": 7,
  "fields": {
    "app_label": "church",
    "model": "church"
  }
},
{
  "model": "contenttypes.contenttype",
  "pk": 8,
  "fields": {
    "app_label": "church",
    "model": "chatroom"
  }
},
{
  "model": "contenttypes.contenttype",
  "pk": 9,
  "fields": {
    "app_label": "church",
    "model": "announcement"
  }
},
{
  "model": "contenttypes.contenttype",
  "pk": 10,
  "fields": {
    "app_label": "church",
    "model": "churchadminprofile"
  }
},
{
  "model": "contenttypes.contenttype",
  "pk": 11,
  "fields": {
    "app_label": "church",
    "model": "event"
  }
},
{
  "model": "contenttypes.contenttype",
  "pk": 12,
  "fields": {
    "app_label": "church",
    "model": "livestream"
  }
},
{
  "model": "contenttypes.contenttype",
  "pk": 13,
  "fields": {
    "app_label": "church",
    "model": "membercategory"
  }
},
{
  "model": "contenttypes.contenttype",
  "pk": 14,
  "fields": {
    "app_label": "church",
    "model": "member"
  }
},
{
  "model": "contenttypes.contenttype",
  "pk": 15,
  "fields": {
    "app_label": "church",
    "model": "message"
  }
},
{
  "model": "contenttypes.contenttype",
  "pk": 16,
  "fields": {
    "app_label": "church",
    "model": "stewardshiprecord"
  }
},
{
  "model": "contenttypes.contenttype",
  "pk": 17,
  "fields": {
    "app_label": "church",
    "model": "volunteer"
  }
},
{
  "model": "contenttypes.contenttype",
  "pk": 18,
  "fields": {
    "app_label": "church",
    "model": "sundayincomereceipt"
  }
},
{
  "model": "contenttypes.contenttype",
  "pk": 19,
  "fields": {
    "app_label": "church",
    "model": "auditlog"
  }
},
{
  "model": "contenttypes.contenttype",
  "pk": 20,
  "fields": {
    "app_label": "church",
    "model": "notification"
  }
},
{
  "model": "contenttypes.contenttype",
  "pk": 21,
  "fields": {
    "app_label": "church",
    "model": "onlinegiving"
  }
},
{
  "model": "contenttypes.contenttype",
  "pk": 22,
  "fields": {
    "app_label": "church",
    "model": "smslog"
  }
},
{
  "model": "contenttypes.contenttype",
  "pk": 23,
  "fields": {
    "app_label": "church",
    "model": "biblereadingplan"
  }
},
{
  "model": "contenttypes.contenttype",
  "pk": 24,
  "fields": {
    "app_label": "church",
    "model": "activitylog"
  }
},
{
  "model": "contenttypes.contenttype",
  "pk": 25,
  "fields": {
    "app_label": "church",
    "model": "memberreadinglog"
  }
},
{
  "model": "contenttypes.contenttype",
  "pk": 26,
  "fields": {
    "app_label": "church",
    "model": "prayerrequest"
  }
},
{
  "model": "contenttypes.contenttype",
  "pk": 27,
  "fields": {
    "app_label": "church",
    "model": "advertisement"
  }
},
{
  "model": "contenttypes.contenttype",
  "pk": 28,
  "fields": {
    "app_label": "church",
    "model": "testimonial"
  }
},
{
  "model": "contenttypes.contenttype",
  "pk": 29,
  "fields": {
    "app_label": "church",
    "model": "chairmanmessage"
  }
},
{
  "model": "contenttypes.contenttype",
  "pk": 30,
  "fields": {
    "app_label": "church",
    "model": "licensekey"
  }
},
{
  "model": "contenttypes.contenttype",
  "pk": 31,
  "fields": {
    "app_label": "church",
    "model": "subscription"
  }
},
{
  "model": "contenttypes.contenttype",
  "pk": 32,
  "fields": {
    "app_label": "church",
    "model": "paymentqrcode"
  }
},
{
  "model": "contenttypes.contenttype",
  "pk": 33,
  "fields": {
    "app_label": "church",
    "model": "memberchatmessage"
  }
},
{
  "model": "sessions.session",
  "pk": "0em0odn5bienst5imntvcd5roea9k6ku",
  "fields": {
    "session_data": ".eJxVjDsOwjAQBe_iGlnZ-JOEkj5nsLzeNQ4gW4qTCnF3HCkFtDPz3ls4v2_J7ZVXt5C4ChCXX4Y-PDkfgh4-34sMJW_rgvJI5GmrnAvx63a2fwfJ19TWsSdLzNFMpKxWgAFx8KbvxoCGrGrQ2o6IGokaAhlA4kkjArAZRvH5Av9EOFs:1uIVFn:dFTNaWQQLfCbsOAeSK29D6xqn078UnlZGe4mUk6qC7c",
    "expire_date": "2025-05-24T16:28:15.326Z"
  }
},
{
  "model": "sessions.session",
  "pk": "0izmh2tdg0a3kedcaqm0n3wf86kj3ql7",
  "fields": {
    "session_data": ".eJxVTksOwiAQvQtr0wClU9qdJp6DDDANRFsbsInGeHdRGz_L9383ZnA5B7NkSiZ61jPRss0vadEdaHoqLizJhWolcrUfMR63xbhbLX-5gDmUUNtI8lKj0Bqg80AOAGQ9KCfJ1RKps8A7JUAosh41VwQN1ARCDtCgLqXvXYN-jNP3qGg_yguW8Uw5x9Nk6DLHdGU9vz8Aec5JIA:1uNl8k:kUjptJfHFDeMCoyWgAWVoJOl25pffx9ErcEV6PQ9-3c",
    "expire_date": "2025-06-08T04:26:42.322Z"
  }
},
{
  "model": "sessions.session",
  "pk": "0wf6qzq9cumqiif4pr4tt9aviglkx8e4",
  "fields": {
    "session_data": ".eJxVjsEOwiAQRP-Fs2mAwpb2ponfQRbYBqKtTbGJxvjvEuVgj_NmZmdfzOJ2j3bLtNoU2CC6wz9y6C80F8583FYfmwpyc54wXY8leKqRXS9ijqXUaUlBGhTGAPQByAOAbEflJflWIvUOeK8ECEUuoOGKQENLIOQIGk05-tu1GKY079-szleW8Uw5p9ts6bGk9ckG_v4ANmpI3A:1uJlsr:ietvX4YC7OOioaPHVYUSDqRFaYq_9VUgOl1Slj1CXOI",
    "expire_date": "2025-05-28T04:25:49.843Z"
  }
},
{
  "model": "sessions.session",
  "pk": "18xltei1jw0l7j3181hx19iuexlrhi14",
  "fields": {
    "session_data": ".eJxVTksOwiAQvQtr0wClU9qdJp6DDDANRFsbsInGeHdRGz_L9383ZnA5B7NkSiZ61jPRss0vadEdaHoqLizJhWolcrUfMR63xbhbLX-5gDmUUNtI8lKj0Bqg80AOAGQ9KCfJ1RKps8A7JUAosh41VwQN1ARCDtCgLqXvXYN-jNP3qGg_yguW8Uw5x9Nk6DLHdGU9vz8Aec5JIA:1uQtTe:_Q0Pueapd_dDYLnRFsTIdv0uHvZ6vl9WS7xlM7S-7Zs",
    "expire_date": "2025-06-16T19:57:14.535Z"
  }
},
{
  "model": "sessions.session",
  "pk": "1byejisa8sx3tw96lhborvcvul8pa53v",
  "fields": {
    "session_data": ".eJxVTksOwiAQvQtr0wClU9qdJp6DDDANRFsbsInGeHdRGz_L9383ZnA5B7NkSiZ61jPRss0vadEdaHoqLizJhWolcrUfMR63xbhbLX-5gDmUUNtI8lKj0Bqg80AOAGQ9KCfJ1RKps8A7JUAosh41VwQN1ARCDtCgLqXvXYN-jNP3qGg_yguW8Uw5x9Nk6DLHdGU9vz8Aec5JIA:1uW6Xf:2FCIECiWSeETBJLZtydr0TPFeNb-mYFFXdF6Wg0upOI",
    "expire_date": "2025-07-01T04:54:55.506Z"
  }
},
{
  "model": "sessions.session",
  "pk": "1fd51apbh5mt1adzq92cw08s4mx2995d",
  "fields": {
    "session_data": ".eJxVjDsOwjAQBe_iFhKtf4njDiRuQG-t1xs5gqSIkwpxd4yUAtp5b-YlAu5bDnvhNUxJeKGtOP_CiPTg5btQ3lfK7QFKe5txel7q8Xpc_ryMJVdJgiGODqy2hAydZIcxktSjNdIhDqgcMSJIoxynhEPqYDRMmkzPStfozHOsQcq4hSeWLRTmpaYVKNtA30h7B-el9Ma12ihrzQnAA4j3B1e4RWQ:1ubalQ:FnrD1Rb-D6_YPie8acBbsBUPtsyolZ83a-Kho6JGFFo",
    "expire_date": "2025-07-16T08:11:48.347Z"
  }
},
{
  "model": "sessions.session",
  "pk": "1lfnus63tvzymz6mbvk6b9bar2g73lno",
  "fields": {
    "session_data": ".eJxVjDsOwjAQBe_iGlnZ-JOEkj5nsLzeNQ4gW4qTCnF3HCkFtDPz3ls4v2_J7ZVXt5C4ChCXX4Y-PDkfgh4-34sMJW_rgvJI5GmrnAvx63a2fwfJ19TWsSdLzNFMpKxWgAFx8KbvxoCGrGrQ2o6IGokaAhlA4kkjArAZRvH5Av9EOFs:1uJmjn:QCuBcKaW_AZQERYIkmMChwOsht792LqzxmzyQuE08qw",
    "expire_date": "2025-05-28T05:20:31.934Z"
  }
},
{
  "model": "sessions.session",
  "pk": "1tygx0sk709z2wie5p7ip4827mu5nn08",
  "fields": {
    "session_data": ".eJxVizkOwjAQRe_iGkVexsGhA4lzWN_jiRyxFHFcIe6eREoB7Vs-KqItJbYqc5yyuijn1ekXJvBD3rvh0mYu3QFqd39hel638HYkf19BLdtkNLGkoL3zDNG9kYCU2LjRkwnAABtYAG3IBskZQ-71SMKO6SzWqe8K7I41ag:1uaSY7:ybX9DMUQdxvOJn7vwl57miIE1eYkp2N-XESGDreZvZ8",
    "expire_date": "2025-07-13T05:13:23.090Z"
  }
},
{
  "model": "sessions.session",
  "pk": "1w6e6tx2ch266fg57djeiszza13tumgs",
  "fields": {
    "session_data": ".eJxVTksOgjAQvUvXhtDBlsJOE8_RTGeGtFHQUEk0xrsLkfhZvv97KI_TNfopy-gTq1Zppza_ZEA6yrAoFKeRYrESuTj0mE672bhfLX-5iDkudSJB0ITGAiOEbacduaZjIAPc1CRsggSs6kpq0xGAkG1MCZbZVqTtXPre9ch9Gr5HtfsoC4R5PEvO6Tx4uV3SeFdt-XwBKIxKxw:1uPxit:HAE3a9E0TPto1bVzdclCB_HXQe5M7WynmXJfjcSowRs",
    "expire_date": "2025-06-14T06:17:07.295Z"
  }
},
{
  "model": "sessions.session",
  "pk": "1zlkqfr7d3gqjng0k4itn79g6y3w2n7h",
  "fields": {
    "session_data": ".eJxVTksOgjAQvUvXhtDBlsJOE8_RTGeGtFHQUEk0xrsLkfhZvv97KI_TNfopy-gTq1Zppza_ZEA6yrAoFKeRYrESuTj0mE672bhfLX-5iDkudSJB0ITGAiOEbacduaZjIAPc1CRsggSs6kpq0xGAkG1MCZbZVqTtXPre9ch9Gr5HtfsoC4R5PEvO6Tx4uV3SeFdt-XwBKIxKxw:1uaozD:xF9R9RVS2U8YvVfkmo8UZ5v4TAevUJTsA_Agl3gwhlE",
    "expire_date": "2025-07-14T05:10:51.599Z"
  }
},
{
  "model": "sessions.session",
  "pk": "23gkkk5njy29mg7z97ca7j8ioqc55z85",
  "fields": {
    "session_data": ".eJxVjDsOwjAQBe_iGlnZ-JOEkj5nsLzeNQ4gW4qTCnF3HCkFtDPz3ls4v2_J7ZVXt5C4ChCXX4Y-PDkfgh4-34sMJW_rgvJI5GmrnAvx63a2fwfJ19TWsSdLzNFMpKxWgAFx8KbvxoCGrGrQ2o6IGokaAhlA4kkjArAZRvH5Av9EOFs:1uIPZf:8246tOpubErYX9OmmFMiKA0w8qJC4H7LTGGfhseSXKQ",
    "expire_date": "2025-05-24T10:24:23.528Z"
  }
},
{
  "model": "sessions.session",
  "pk": "2dk61809u9y1om0d5at8kve4px5as09n",
  "fields": {
    "session_data": "e30:1ua4cn:ozkCUp8I1gFXq3BAT8onGyffRYJCmAJv6mEMT94YZJ4",
    "expire_date": "2025-07-12T03:40:37.107Z"
  }
},
{
  "model": "sessions.session",
  "pk": "3ggxhmu68j75oebmyi3e385ac761030u",
  "fields": {
    "session_data": ".eJxVizkOwjAQRe_iGkVexsGhA4lzWN_jiRyxFHFcIe6eREoB7Vs-KqItJbYqc5yyuijn1ekXJvBD3rvh0mYu3QFqd39hel638HYkf19BLdtkNLGkoL3zDNG9kYCU2LjRkwnAABtYAG3IBskZQ-71SMKO6SzWqe8K7I41ag:1uaSaC:S8cwkVAGRpFoD14K1QXhsw37i3M6l5PCUxSvgqvCiuo",
    "expire_date": "2025-07-13T05:15:32.364Z"
  }
},
{
  "model": "sessions.session",
  "pk": "3qo2h9wwskipdaw2r9ixes2bda8o5wmw",
  "fields": {
    "session_data": ".eJxVi0sOwiAQQO_C2jQw5evOHsB4AzLMQDDGmoCsjHe3Jl3o9n1eIuJ41jh6bvHK4ijAi8MvTEi3vH4N1dGoTjvo06U-1nwe95TbacuXPfy7K_a6rToomg0FlK6UZApohQoN6uDRs08wF-sSOvYMTBacVB6kciWEYtmyeH8AYjI3Jg:1uRjWX:JqAkFb1sK0LZ86snuto-oHYsoY_1BHPwPuGt8V5Lrkc",
    "expire_date": "2025-06-19T03:31:41.738Z"
  }
},
{
  "model": "sessions.session",
  "pk": "42fp1c9o935n4znmd8poynpujxzcgr5k",
  "fields": {
    "session_data": ".eJxVTksOwiAQvQtr0wClU9qdJp6DDDANRFsbsInGeHdRGz_L9383ZnA5B7NkSiZ61jPRss0vadEdaHoqLizJhWolcrUfMR63xbhbLX-5gDmUUNtI8lKj0Bqg80AOAGQ9KCfJ1RKps8A7JUAosh41VwQN1ARCDtCgLqXvXYN-jNP3qGg_yguW8Uw5x9Nk6DLHdGU9vz8Aec5JIA:1uVBd9:E8krhIP76Vnnk7PNaS73qQLvnQU07cU8QtOkZdtOUPE",
    "expire_date": "2025-06-28T16:08:47.476Z"
  }
},
{
  "model": "sessions.session",
  "pk": "4x0alb96h0496kce3ww9bbnnaz0ruch3",
  "fields": {
    "session_data": ".eJxVi0sOwiAQQO_C2jQw5evOHsB4AzLMQDDGmoCsjHe3Jl3o9n1eIuJ41jh6bvHK4ijAi8MvTEi3vH4N1dGoTjvo06U-1nwe95TbacuXPfy7K_a6rToomg0FlK6UZApohQoN6uDRs08wF-sSOvYMTBacVB6kciWEYtmyeH8AYjI3Jg:1uWzVN:9DLZm540jgln0YcJgpSuxJTyjo0bTirwE5y_nhy5cwM",
    "expire_date": "2025-07-03T15:36:13.624Z"
  }
},
{
  "model": "sessions.session",
  "pk": "4xcvltfrer3d6tel62fehjwa8aw2bujk",
  "fields": {
    "session_data": ".eJxVi0sOwiAQQO_C2jQw5evOHsB4AzLMQDDGmoCsjHe3Jl3o9n1eIuJ41jh6bvHK4ijAi8MvTEi3vH4N1dGoTjvo06U-1nwe95TbacuXPfy7K_a6rToomg0FlK6UZApohQoN6uDRs08wF-sSOvYMTBacVB6kciWEYtmyeH8AYjI3Jg:1uRCAM:TupAqOoCGGp6aRhkt_mZderBQgFGgnNqXISrYMTAkMc",
    "expire_date": "2025-06-17T15:54:34.497Z"
  }
},
{
  "model": "sessions.session",
  "pk": "55n62jn78bq2hv2o82xe2t1eulah1fw3",
  "fields": {
    "session_data": ".eJxVizkOwjAQRe_iGkVexsGhA4lzWN_jiRyxFHFcIe6eREoB7Vs-KqItJbYqc5yyuijn1ekXJvBD3rvh0mYu3QFqd39hel638HYkf19BLdtkNLGkoL3zDNG9kYCU2LjRkwnAABtYAG3IBskZQ-71SMKO6SzWqe8K7I41ag:1uaRmX:T_324ObTiqtgfwrH6xBanMdbc4V6ehsR3c6Uf4w4Czc",
    "expire_date": "2025-07-13T04:24:13.956Z"
  }
},
{
  "model": "sessions.session",
  "pk": "5m38xgvp1pkt1xehq9o9sknfslcylf5g",
  "fields": {
    "session_data": ".eJxVjEsKwjAUAO-StQTzYtLGpfueobxfTVUaaNqVeHcJdKHbmWHeZsR9y-NedR1nMVfjenP6hYT81KUZeeByL5bLsq0z2ZbYw1Y7FNHX7Wj_Bhlrbl9VUgyUIggCXSbXc58mAQ4gqWOVQEroO69dmBhAOaZwhigSPbtoPl9EGzkv:1uIA3U:Yf3Af4HHPMMPOvEx_1_pyXnLfDLiXPDt__lCx_XenFo",
    "expire_date": "2025-05-23T17:50:08.836Z"
  }
},
{
  "model": "sessions.session",
  "pk": "5sixvwnh8m517o4p3fyet2laonkcb0v8",
  "fields": {
    "session_data": ".eJxVi0sOwiAQQO_C2jQw5evOHsB4AzLMQDDGmoCsjHe3Jl3o9n1eIuJ41jh6bvHK4ijAi8MvTEi3vH4N1dGoTjvo06U-1nwe95TbacuXPfy7K_a6rToomg0FlK6UZApohQoN6uDRs08wF-sSOvYMTBacVB6kciWEYtmyeH8AYjI3Jg:1uRjXj:RO4HGNUCMMaY2JBfmyMy4fh6R8ZKIVij59NC6TIIyio",
    "expire_date": "2025-06-19T03:32:55.137Z"
  }
},
{
  "model": "sessions.session",
  "pk": "5to3pa4kk5xuuzfzjay31z6yg8j1mmdt",
  "fields": {
    "session_data": ".eJxVi0sOwiAQQO_C2jQw5evOHsB4AzLMQDDGmoCsjHe3Jl3o9n1eIuJ41jh6bvHK4ijAi8MvTEi3vH4N1dGoTjvo06U-1nwe95TbacuXPfy7K_a6rToomg0FlK6UZApohQoN6uDRs08wF-sSOvYMTBacVB6kciWEYtmyeH8AYjI3Jg:1uQhbw:hm_us1f_yU24RNpcmNBxXRvQduSyiLbt4afG7VX3A_w",
    "expire_date": "2025-06-16T07:17:00.692Z"
  }
},
{
  "model": "sessions.session",
  "pk": "5xtcqnwt13cv38asarpe2qw76yq48u7k",
  "fields": {
    "session_data": ".eJxVTkkOwiAUvQtr05TpA-408RzkA7-BaLsosjLeXdTGYfnmd2Me2zX7Vmn1JbE944btfsmA8UzLU4m5rTEPG1GH04zlcujG42b5y2WsuYeMFpSERW4tgEtAEQCEnFQUFKVAcgFGpzhwRSGhHRWBBknAxQQabS9973pMc1m-R7n5KC94fwAJvEHj:1uJUuq:UXsYapAa7rQ0zu3f_tA_JJeFrX3etifzrXqxPHnuw8Y",
    "expire_date": "2025-05-27T10:18:44.740Z"
  }
},
{
  "model": "sessions.session",
  "pk": "7l5fxs53tr5hi127w95s8htub5puq6ds",
  "fields": {
    "session_data": ".eJxVTksOwiAQvQtr0wClU9qdJp6DDDANRFsbsInGeHdRGz_L9383ZnA5B7NkSiZ61jPRss0vadEdaHoqLizJhWolcrUfMR63xbhbLX-5gDmUUNtI8lKj0Bqg80AOAGQ9KCfJ1RKps8A7JUAosh41VwQN1ARCDtCgLqXvXYN-jNP3qGg_yguW8Uw5x9Nk6DLHdGU9vz8Aec5JIA:1uUdxd:Oh0afoukYH_7fQYdFGZ--Q634IfEaUBco8DdBFYnlEg",
    "expire_date": "2025-06-27T04:11:41.686Z"
  }
},
{
  "model": "sessions.session",
  "pk": "7ljokhg4aqborfcnnh0ojdi2yl9dwozk",
  "fields": {
    "session_data": ".eJxVTksOwiAQvQtr0wClU9qdJp6DDDANRFsbsInGeHdRGz_L9383ZnA5B7NkSiZ61jPRss0vadEdaHoqLizJhWolcrUfMR63xbhbLX-5gDmUUNtI8lKj0Bqg80AOAGQ9KCfJ1RKps8A7JUAosh41VwQN1ARCDtCgLqXvXYN-jNP3qGg_yguW8Uw5x9Nk6DLHdGU9vz8Aec5JIA:1uR3pq:SVtGDREcwEUVtavbTAaLaQuebaiLLlCjk86ZMC4h90w",
    "expire_date": "2025-06-17T07:00:50.198Z"
  }
},
{
  "model": "sessions.session",
  "pk": "8gg27oyzv6qzy1lfj4k9r844udr3otdx",
  "fields": {
    "session_data": ".eJxVizkOwjAQRe_iGkVexsGhA4lzWN_jiRyxFHFcIe6eREoB7Vs-KqItJbYqc5yyuijn1ekXJvBD3rvh0mYu3QFqd39hel638HYkf19BLdtkNLGkoL3zDNG9kYCU2LjRkwnAABtYAG3IBskZQ-71SMKO6SzWqe8K7I41ag:1ua5B6:vymKYDHkSWzyOAZvgsVpgA2iQcoTJFDJZ7ojm6Nb0so",
    "expire_date": "2025-07-12T04:16:04.950Z"
  }
},
{
  "model": "sessions.session",
  "pk": "8p7wyz1mm4sfcaltgz6lfflt9beii14a",
  "fields": {
    "session_data": ".eJxVi0sOwiAQQO_C2jQw5evOHsB4AzLMQDDGmoCsjHe3Jl3o9n1eIuJ41jh6bvHK4ijAi8MvTEi3vH4N1dGoTjvo06U-1nwe95TbacuXPfy7K_a6rToomg0FlK6UZApohQoN6uDRs08wF-sSOvYMTBacVB6kciWEYtmyeH8AYjI3Jg:1uSTjL:bIkWHblzBdMv_0exHzw2NVifsTwsXurM3O-yaTcqwPk",
    "expire_date": "2025-06-21T04:51:59.214Z"
  }
},
{
  "model": "sessions.session",
  "pk": "90m1hon1d2izsc6h8ztiu77ph7565tj4",
  "fields": {
    "session_data": ".eJxVi0EOwiAQRe_C2jQwMFDcqQchwzCExthFkZXx7qamC13-9997qUTj2dLosqWlqLMyUZ1-YSa-y7o_3MbGbTpAn27ffSmPZb0e0l_ZqLc9i04z1miFsjUUAHyI2RivPXoPZkYMVrKzTkgHBqgchdDOFCoWBPX-ADToNKo:1uIWgu:m6ED2oPqh8KjB8_4R7FRb4cnJ9NXm_8_JsXRjpoS1lM",
    "expire_date": "2025-05-24T18:00:20.590Z"
  }
},
{
  "model": "sessions.session",
  "pk": "94dpoal51gr6fb1j4695gs7tuawlxzzm",
  "fields": {
    "session_data": ".eJxVizkOwjAQRe_iGkVexsGhA4lzWN_jiRyxFHFcIe6eREoB7Vs-KqItJbYqc5yyuijn1ekXJvBD3rvh0mYu3QFqd39hel638HYkf19BLdtkNLGkoL3zDNG9kYCU2LjRkwnAABtYAG3IBskZQ-71SMKO6SzWqe8K7I41ag:1uaQSC:5Dy-4lCswIKuFHMaxK6OtzXi7H12_SIasz_UfXIz6lc",
    "expire_date": "2025-07-13T02:59:08.197Z"
  }
},
{
  "model": "sessions.session",
  "pk": "9d6no2nx4tzjc24p0fqohmofp0d9gb2r",
  "fields": {
    "session_data": ".eJxVjDsOwjAQBe_iGlnZ-JOEkj5nsLzeNQ4gW4qTCnF3HCkFtDPz3ls4v2_J7ZVXt5C4ChCXX4Y-PDkfgh4-34sMJW_rgvJI5GmrnAvx63a2fwfJ19TWsSdLzNFMpKxWgAFx8KbvxoCGrGrQ2o6IGokaAhlA4kkjArAZRvH5Av9EOFs:1uIUyg:E7oyG_1Pk1p3Wd15qMNr6gELC6g7XQ_Vl17PcoEgBmI",
    "expire_date": "2025-05-24T16:10:34.927Z"
  }
},
{
  "model": "sessions.session",
  "pk": "9ze8ilbb9wz79o4vvco7zljzrsx64t92",
  "fields": {
    "session_data": ".eJxVi0sOwiAQQO_C2jQw5evOHsB4AzLMQDDGmoCsjHe3Jl3o9n1eIuJ41jh6bvHK4ijAi8MvTEi3vH4N1dGoTjvo06U-1nwe95TbacuXPfy7K_a6rToomg0FlK6UZApohQoN6uDRs08wF-sSOvYMTBacVB6kciWEYtmyeH8AYjI3Jg:1uUe0N:zr-cazOp9BlJCnfGgGb-9cr1AwHx6tXNuqS_w4MT22k",
    "expire_date": "2025-06-27T04:14:31.360Z"
  }
},
{
  "model": "sessions.session",
  "pk": "a7jmn3j6k46jpcckqaayqppawx3szyeb",
  "fields": {
    "session_data": ".eJxVi0sOwiAQQO_C2jQw5evOHsB4AzLMQDDGmoCsjHe3Jl3o9n1eIuJ41jh6bvHK4ijAi8MvTEi3vH4N1dGoTjvo06U-1nwe95TbacuXPfy7K_a6rToomg0FlK6UZApohQoN6uDRs08wF-sSOvYMTBacVB6kciWEYtmyeH8AYjI3Jg:1uQpmY:Nx3oql39BWyqxf45cAYzJ3MHhBr_EPzuRqNGAdcabtg",
    "expire_date": "2025-06-16T16:00:30.337Z"
  }
},
{
  "model": "sessions.session",
  "pk": "a839eacaskoi597nqlf1nxp5uckdyw9m",
  "fields": {
    "session_data": ".eJxVTksOwiAQvQtr0wClU9qdJp6DDDANRFsbsInGeHdRGz_L9383ZnA5B7NkSiZ61jPRss0vadEdaHoqLizJhWolcrUfMR63xbhbLX-5gDmUUNtI8lKj0Bqg80AOAGQ9KCfJ1RKps8A7JUAosh41VwQN1ARCDtCgLqXvXYN-jNP3qGg_yguW8Uw5x9Nk6DLHdGU9vz8Aec5JIA:1uaUsu:-RC71SkW7-D4QLWuTfHWgtYWDxGuhnaT7WSnwFhu2NQ",
    "expire_date": "2025-07-13T07:43:00.294Z"
  }
},
{
  "model": "sessions.session",
  "pk": "axi5qw5m3g8yt79rxg770ok3hskd9678",
  "fields": {
    "session_data": ".eJxVizkOwjAQRe_iGkVexsGhA4lzWN_jiRyxFHFcIe6eREoB7Vs-KqItJbYqc5yyuijn1ekXJvBD3rvh0mYu3QFqd39hel638HYkf19BLdtkNLGkoL3zDNG9kYCU2LjRkwnAABtYAG3IBskZQ-71SMKO6SzWqe8K7I41ag:1uap4Y:dAPt5oPsgXeltvX-HYE8nKSaWa77R9xm8aYRJzrjKVI",
    "expire_date": "2025-07-14T05:16:22.837Z"
  }
},
{
  "model": "sessions.session",
  "pk": "b5t5iu1j082p8elyo2p2qckxuz1kxo4a",
  "fields": {
    "session_data": ".eJxVi0sOwiAQQO_C2jQw5evOHsB4AzLMQDDGmoCsjHe3Jl3o9n1eIuJ41jh6bvHK4ijAi8MvTEi3vH4N1dGoTjvo06U-1nwe95TbacuXPfy7K_a6rToomg0FlK6UZApohQoN6uDRs08wF-sSOvYMTBacVB6kciWEYtmyeH8AYjI3Jg:1uTv2c:xR0pBGa7-dDJs2FUZEGMbcUsHKun6y4na1oE9G3u89U",
    "expire_date": "2025-06-25T04:13:50.464Z"
  }
},
{
  "model": "sessions.session",
  "pk": "b8gsjva8ejwhttbsyx1k743a1cfv5de1",
  "fields": {
    "session_data": ".eJxVjDsOwjAQBe_iGlnZ-JOEkj5nsLzeNQ4gW4qTCnF3HCkFtDPz3ls4v2_J7ZVXt5C4ChCXX4Y-PDkfgh4-34sMJW_rgvJI5GmrnAvx63a2fwfJ19TWsSdLzNFMpKxWgAFx8KbvxoCGrGrQ2o6IGokaAhlA4kkjArAZRvH5Av9EOFs:1uHPrD:cgO3Vlwfu6jYYkKJGFGqU4nc_SFf6yFk6v874e-6PXo",
    "expire_date": "2025-05-21T16:30:23.036Z"
  }
},
{
  "model": "sessions.session",
  "pk": "c0ay1mqcli97azxprxupy73wibk0xi1h",
  "fields": {
    "session_data": ".eJxVjDsOwjAQBe_iGlnZ-JOEkj5nsLzeNQ4gW4qTCnF3HCkFtDPz3ls4v2_J7ZVXt5C4ChCXX4Y-PDkfgh4-34sMJW_rgvJI5GmrnAvx63a2fwfJ19TWsSdLzNFMpKxWgAFx8KbvxoCGrGrQ2o6IGokaAhlA4kkjArAZRvH5Av9EOFs:1uMR67:LD6JOrJqJleAChzXD0Z28a6z7PHM_3trOzibg4oQlxs",
    "expire_date": "2025-06-04T12:50:31.652Z"
  }
},
{
  "model": "sessions.session",
  "pk": "c3fq81nugzbk663wsa2a1uv9lutzi9mr",
  "fields": {
    "session_data": ".eJxVjDsOwjAQBe_iGlnZ-JOEkj5nsLzeNQ4gW4qTCnF3HCkFtDPz3ls4v2_J7ZVXt5C4ChCXX4Y-PDkfgh4-34sMJW_rgvJI5GmrnAvx63a2fwfJ19TWsSdLzNFMpKxWgAFx8KbvxoCGrGrQ2o6IGokaAhlA4kkjArAZRvH5Av9EOFs:1uI9ih:GNBlpbRPblDrwg-8hgowsb1008S0qh6QJ8KQ5KLJx2E",
    "expire_date": "2025-05-23T17:28:39.914Z"
  }
},
{
  "model": "sessions.session",
  "pk": "c7pbufcm3upinr8r65ey0j9aeduy106h",
  "fields": {
    "session_data": ".eJxVi0sOwiAQQO_C2jQw5evOHsB4AzLMQDDGmoCsjHe3Jl3o9n1eIuJ41jh6bvHK4ijAi8MvTEi3vH4N1dGoTjvo06U-1nwe95TbacuXPfy7K_a6rToomg0FlK6UZApohQoN6uDRs08wF-sSOvYMTBacVB6kciWEYtmyeH8AYjI3Jg:1uQqNt:idUfUD56hsuPfJr20UHAw9hVGtiTJLUsRpyTsYlMzss",
    "expire_date": "2025-06-16T16:39:05.414Z"
  }
},
{
  "model": "sessions.session",
  "pk": "d0uh3l5m8k4pcgz7v4aqqwg0y68z4094",
  "fields": {
    "session_data": ".eJxVizsOwjAMQO-SGVVO7CaBDSTOETlOrFR8hqadEHenSB1gfZ-XSbwuLa29zmkq5mTQm8MvzCy3-vwaaessbdhBH64Pnu7nLbzsyd_XuLdtCl7BZR4lO0DAougzFWILFYIeJVpi1UDgKeSqBC5EG9H6XIvgKOb9AdObNIg:1uaSqV:w45TJyLMMYmRUC-9BvcPEDgio30mhWpqNNX5_l-a7l8",
    "expire_date": "2025-07-13T05:32:23.010Z"
  }
},
{
  "model": "sessions.session",
  "pk": "d4857pg4k6mtro2vjt8i4c43brz15n38",
  "fields": {
    "session_data": ".eJxVjDsOwjAQBe_iGlnZ-JOEkj5nsLzeNQ4gW4qTCnF3HCkFtDPz3ls4v2_J7ZVXt5C4ChCXX4Y-PDkfgh4-34sMJW_rgvJI5GmrnAvx63a2fwfJ19TWsSdLzNFMpKxWgAFx8KbvxoCGrGrQ2o6IGokaAhlA4kkjArAZRvH5Av9EOFs:1uNdWX:wvtpPjlWriWlPcJufmoV1R0sPXKafzJo2wH8-NTDTgU",
    "expire_date": "2025-06-07T20:18:45.499Z"
  }
},
{
  "model": "sessions.session",
  "pk": "d9maqtjow6yol1s02al2un1tl94xdl0f",
  "fields": {
    "session_data": ".eJxVi0sOwiAQQO_C2jQw5evOHsB4AzLMQDDGmoCsjHe3Jl3o9n1eIuJ41jh6bvHK4ijAi8MvTEi3vH4N1dGoTjvo06U-1nwe95TbacuXPfy7K_a6rToomg0FlK6UZApohQoN6uDRs08wF-sSOvYMTBacVB6kciWEYtmyeH8AYjI3Jg:1uTXz9:OCErlLf4afSWRMawSQejuEFmMQq8k7hY1EcpcCVSjzA",
    "expire_date": "2025-06-24T03:36:43.522Z"
  }
},
{
  "model": "sessions.session",
  "pk": "dmzzx1zrbwl4mo3zeqixs0zmoi0qnlxa",
  "fields": {
    "session_data": ".eJxVi0sOwiAQQO_C2jQw5evOHsB4AzLMQDDGmoCsjHe3Jl3o9n1eIuJ41jh6bvHK4ijAi8MvTEi3vH4N1dGoTjvo06U-1nwe95TbacuXPfy7K_a6rToomg0FlK6UZApohQoN6uDRs08wF-sSOvYMTBacVB6kciWEYtmyeH8AYjI3Jg:1ua3FA:f1yo-Ca2QLhZ2cgct9TaNpcbq2CpAfOx17WGdxekE0o",
    "expire_date": "2025-07-12T02:12:08.059Z"
  }
},
{
  "model": "sessions.session",
  "pk": "egfwm3vezydww9cr2s9zlhlds77iixn2",
  "fields": {
    "session_data": ".eJxVi0sOwiAQQO_C2jQw5evOHsB4AzLMQDDGmoCsjHe3Jl3o9n1eIuJ41jh6bvHK4ijAi8MvTEi3vH4N1dGoTjvo06U-1nwe95TbacuXPfy7K_a6rToomg0FlK6UZApohQoN6uDRs08wF-sSOvYMTBacVB6kciWEYtmyeH8AYjI3Jg:1uQqLy:VUgbBJDgK7D_yCq1iXeM5ro1gHDIJUY_Im_KthObbxQ",
    "expire_date": "2025-06-16T16:37:06.548Z"
  }
},
{
  "model": "sessions.session",
  "pk": "ejel8lo03yvmx706lrnc7a5wszgic8mt",
  "fields": {
    "session_data": ".eJxVjDsOwjAQBe_iGlnZ-JOEkj5nsLzeNQ4gW4qTCnF3HCkFtDPz3ls4v2_J7ZVXt5C4ChCXX4Y-PDkfgh4-34sMJW_rgvJI5GmrnAvx63a2fwfJ19TWsSdLzNFMpKxWgAFx8KbvxoCGrGrQ2o6IGokaAhlA4kkjArAZRvH5Av9EOFs:1uIWnc:6PS7ZoBhuW0vNlLGSGQvfFMy5_xiM1GqPt4gJ9NDqEY",
    "expire_date": "2025-05-24T18:07:16.015Z"
  }
},
{
  "model": "sessions.session",
  "pk": "ejguhxk68zvxipxo7hnpltow0uq0n8rq",
  "fields": {
    "session_data": ".eJxVTksOwiAQvQtr0wClU9qdJp6DDDANRFsbsInGeHdRGz_L9383ZnA5B7NkSiZ61jPRss0vadEdaHoqLizJhWolcrUfMR63xbhbLX-5gDmUUNtI8lKj0Bqg80AOAGQ9KCfJ1RKps8A7JUAosh41VwQN1ARCDtCgLqXvXYN-jNP3qGg_yguW8Uw5x9Nk6DLHdGU9vz8Aec5JIA:1uMV22:IdPNayKaljMc44ILw_W_aEOaoMbJSqsuA9Fsw87QkxA",
    "expire_date": "2025-06-04T17:02:34.133Z"
  }
},
{
  "model": "sessions.session",
  "pk": "f45msjtn83orwrfqf2ye8djj0g0f4z3b",
  "fields": {
    "session_data": ".eJxVjDsOwjAQBe_iGlnZ-JOEkj5nsLzeNQ4gW4qTCnF3HCkFtDPz3ls4v2_J7ZVXt5C4ChCXX4Y-PDkfgh4-34sMJW_rgvJI5GmrnAvx63a2fwfJ19TWsSdLzNFMpKxWgAFx8KbvxoCGrGrQ2o6IGokaAhlA4kkjArAZRvH5Av9EOFs:1uatir:S8VXtSEB2cu_vAVwTGJgADZs5Rwfbi4JAFhnwirB4wo",
    "expire_date": "2025-07-14T10:14:17.324Z"
  }
},
{
  "model": "sessions.session",
  "pk": "fgo92zgn5smlst7mz3xdjwopp2g86w2s",
  "fields": {
    "session_data": ".eJxVi0sOwiAQQO_C2jQw5evOHsB4AzLMQDDGmoCsjHe3Jl3o9n1eIuJ41jh6bvHK4ijAi8MvTEi3vH4N1dGoTjvo06U-1nwe95TbacuXPfy7K_a6rToomg0FlK6UZApohQoN6uDRs08wF-sSOvYMTBacVB6kciWEYtmyeH8AYjI3Jg:1uRYro:1wQ2Hw9qkBHxAAk5vY1hDeUh3fq7xYLvu63b7fyTC40",
    "expire_date": "2025-06-18T16:08:56.395Z"
  }
},
{
  "model": "sessions.session",
  "pk": "g2rusjgjrr0keku7aebhnlmxqbeg8mqx",
  "fields": {
    "session_data": ".eJxVjDsOwjAQBe_iGlnZ-JOEkj5nsLzeNQ4gW4qTCnF3HCkFtDPz3ls4v2_J7ZVXt5C4ChCXX4Y-PDkfgh4-34sMJW_rgvJI5GmrnAvx63a2fwfJ19TWsSdLzNFMpKxWgAFx8KbvxoCGrGrQ2o6IGokaAhlA4kkjArAZRvH5Av9EOFs:1uIOkS:cZ0xRzRk5nQAuu4KWiDNnmbAh9qkzNZ9EOB0FFdQM3o",
    "expire_date": "2025-05-24T09:31:28.750Z"
  }
},
{
  "model": "sessions.session",
  "pk": "gipl6ddrfbw0qb6t1rowpqpxz5u7pfh5",
  "fields": {
    "session_data": ".eJxVjDsOwjAQBe_iGlnZ-JOEkj5nsLzeNQ4gW4qTCnF3HCkFtDPz3ls4v2_J7ZVXt5C4ChCXX4Y-PDkfgh4-34sMJW_rgvJI5GmrnAvx63a2fwfJ19TWsSdLzNFMpKxWgAFx8KbvxoCGrGrQ2o6IGokaAhlA4kkjArAZRvH5Av9EOFs:1uJrdI:fSw6J4n9F66ftiYlpwLNBd2Abw9RbyF-6uJd3bxWikE",
    "expire_date": "2025-05-28T10:34:08.376Z"
  }
},
{
  "model": "sessions.session",
  "pk": "gwp1t3xnf6usfkp0p8bnlf4s8kei2tsj",
  "fields": {
    "session_data": ".eJxVjkkOgzAQBP_ic2QxYBvIMXfeYHkWYrIYieUU5e8xEcpynKru1jyUD-sS_TrL5AdWRwXq8Msw0FXSJvgS0nnUNKZlGlBvEb3bWXcjy-20Z_8GYphjbvclOxbpbcuVMxUgIdbBlkVDaNlVGTpXMHMmvQFiC8jSGkQAsXWTRymuE0Uf-D6k78NQf8z7fL4A7MVGIA:1uIhL9:Zr0vYtYR0KDc0FvJibRAlZb8vunPWrDOGp1CIv1tKDQ",
    "expire_date": "2025-05-25T05:22:35.831Z"
  }
},
{
  "model": "sessions.session",
  "pk": "h4elyhohzu5s6btptzj0yj3l7jux9tes",
  "fields": {
    "session_data": ".eJxVi0sOwiAQQO_C2jQw5evOHsB4AzLMQDDGmoCsjHe3Jl3o9n1eIuJ41jh6bvHK4ijAi8MvTEi3vH4N1dGoTjvo06U-1nwe95TbacuXPfy7K_a6rToomg0FlK6UZApohQoN6uDRs08wF-sSOvYMTBacVB6kciWEYtmyeH8AYjI3Jg:1uVAMZ:QXs3M_UfnaxH9ZEHZzLlYis0LQetNubU1WbF2lJf_qg",
    "expire_date": "2025-06-28T14:47:35.203Z"
  }
},
{
  "model": "sessions.session",
  "pk": "h4rxkvmcq850svh3ugllapqtcw9u0sx8",
  "fields": {
    "session_data": ".eJxVizsOwjAMQO-SGVVJnI_FBhLniBzbUSo-Q0smxN0pUgdY3-dlCo1nL2PVpcxijgayOfzCSnzVx9dwHwv3aQfrdLnTfDtt4XlP_r5Oa98mQqKg0SUgxy1zs8lpA84Q0DfBUFkgWXHRioKv2XvGrMFhyyGimPcH6_M0yw:1uaopD:-JyPrCtPgYLzU3ObbL31d93KaYBPZ-9G_D62rrpII8M",
    "expire_date": "2025-07-14T05:00:31.103Z"
  }
},
{
  "model": "sessions.session",
  "pk": "htw0q1fk1i3mpswvn2fcs030vfoxsoci",
  "fields": {
    "session_data": ".eJxVTksOwiAQvQtr0wClU9qdJp6DDDANRFsbsInGeHdRGz_L9383ZnA5B7NkSiZ61jPRss0vadEdaHoqLizJhWolcrUfMR63xbhbLX-5gDmUUNtI8lKj0Bqg80AOAGQ9KCfJ1RKps8A7JUAosh41VwQN1ARCDtCgLqXvXYN-jNP3qGg_yguW8Uw5x9Nk6DLHdGU9vz8Aec5JIA:1uSYUB:i3Q9JbGXwY1yciRz2KAidCa_IeE0UGl5F5yhnfAIWV8",
    "expire_date": "2025-06-21T09:56:39.363Z"
  }
},
{
  "model": "sessions.session",
  "pk": "i4x8fuxsiyrzl8xtjpo96ua4rz3my354",
  "fields": {
    "session_data": ".eJxVyz0OwyAMQOG7MFcRGAxxx0o9BzKOEVF_hlCmqnevImVo1_fpvU3m8Wp5dN3yupizcWROv7Gw3PS5i7SxSZuO0Kfrg9f75eC_p3Fv-0DBClbyysU7TgAxUXEu2ogxgpsRk9cSfFC2SQCqkDL6mVPFBcF8vsM_Mkw:1uIUoT:oVoAVF1kFambbCbw_oVkBAftDYbMj0ksbTuUsuLhi2M",
    "expire_date": "2025-05-24T16:00:01.593Z"
  }
},
{
  "model": "sessions.session",
  "pk": "iswfcz9o4uibefjuu2m9iz66v2dzw3wj",
  "fields": {
    "session_data": ".eJxVjDsOwjAQBe_iGlnZ-JOEkj5nsLzeNQ4gW4qTCnF3HCkFtDPz3ls4v2_J7ZVXt5C4ChCXX4Y-PDkfgh4-34sMJW_rgvJI5GmrnAvx63a2fwfJ19TWsSdLzNFMpKxWgAFx8KbvxoCGrGrQ2o6IGokaAhlA4kkjArAZRvH5Av9EOFs:1uIUyM:S-5F0v1XJ2-RQiJxHisvHtaRz4Uxf6_ENvoa44fLgJE",
    "expire_date": "2025-05-24T16:10:14.963Z"
  }
},
{
  "model": "sessions.session",
  "pk": "j05a8r4d6u99bfskqharqrovevgj61nm",
  "fields": {
    "session_data": ".eJxVTksOwiAQvQtr0wClU9qdJp6DDDANRFsbsInGeHdRGz_L9383ZnA5B7NkSiZ61jPRss0vadEdaHoqLizJhWolcrUfMR63xbhbLX-5gDmUUNtI8lKj0Bqg80AOAGQ9KCfJ1RKps8A7JUAosh41VwQN1ARCDtCgLqXvXYN-jNP3qGg_yguW8Uw5x9Nk6DLHdGU9vz8Aec5JIA:1uPP48:c7Utk9l_KrZ-tPjye0gcKgPyHbT-5sbFveWsaguiFNU",
    "expire_date": "2025-06-12T17:16:44.195Z"
  }
},
{
  "model": "sessions.session",
  "pk": "j2jhxb2a3oiglmpfark829bnu794s7bf",
  "fields": {
    "session_data": ".eJxVTksOwiAQvQtr0wClU9qdJp6DDDANRFsbsInGeHdRGz_L9383ZnA5B7NkSiZ61jPRss0vadEdaHoqLizJhWolcrUfMR63xbhbLX-5gDmUUNtI8lKj0Bqg80AOAGQ9KCfJ1RKps8A7JUAosh41VwQN1ARCDtCgLqXvXYN-jNP3qGg_yguW8Uw5x9Nk6DLHdGU9vz8Aec5JIA:1uLP12:0uSw52TRv68xkis7iHsuZ0RVyddyOq00byZIvx2QpOY",
    "expire_date": "2025-06-01T16:25:00.525Z"
  }
},
{
  "model": "sessions.session",
  "pk": "jb1irn466xpvyzhp5v76z2o04gt1zp5g",
  "fields": {
    "session_data": ".eJxVjDsOwjAQBe_iGlnZ-JOEkj5nsLzeNQ4gW4qTCnF3HCkFtDPz3ls4v2_J7ZVXt5C4ChCXX4Y-PDkfgh4-34sMJW_rgvJI5GmrnAvx63a2fwfJ19TWsSdLzNFMpKxWgAFx8KbvxoCGrGrQ2o6IGokaAhlA4kkjArAZRvH5Av9EOFs:1uKr41:3uxr6VPsa5lrfoHd5mbv0Y6I-Y7mTmyovcQQPicFaZE",
    "expire_date": "2025-05-31T04:09:49.915Z"
  }
},
{
  "model": "sessions.session",
  "pk": "jl41vsssn0lmn22wnr7sjf2hi9f2tsvb",
  "fields": {
    "session_data": ".eJxVyz0OwyAMQOG7MFcRGAxxx0o9BzKOEVF_hlCmqnevImVo1_fpvU3m8Wp5dN3yupizcWROv7Gw3PS5i7SxSZuO0Kfrg9f75eC_p3Fv-0DBClbyysU7TgAxUXEu2ogxgpsRk9cSfFC2SQCqkDL6mVPFBcF8vsM_Mkw:1uIUxC:Vx51xglnO8klu5CbbfOlp6JOpbYBGmC-y1Np7sHQ7v4",
    "expire_date": "2025-05-24T16:09:02.524Z"
  }
},
{
  "model": "sessions.session",
  "pk": "jprf3i4hqemam17i0380k9fdpif65oc4",
  "fields": {
    "session_data": ".eJxVi0sOwiAQQO_C2jQw5evOHsB4AzLMQDDGmoCsjHe3Jl3o9n1eIuJ41jh6bvHK4ijAi8MvTEi3vH4N1dGoTjvo06U-1nwe95TbacuXPfy7K_a6rToomg0FlK6UZApohQoN6uDRs08wF-sSOvYMTBacVB6kciWEYtmyeH8AYjI3Jg:1uQqMc:iEukWVQ6suqILSHH-12uRE8zC0FMRfk8_8UoAfvyYsE",
    "expire_date": "2025-06-16T16:37:46.674Z"
  }
},
{
  "model": "sessions.session",
  "pk": "jq3197nl0a5nhwxje8jkuj83hpc6hasv",
  "fields": {
    "session_data": ".eJxVTksOwiAQvQtr0wClU9qdJp6DDDANRFsbsInGeHdRGz_L9383ZnA5B7NkSiZ61jPRss0vadEdaHoqLizJhWolcrUfMR63xbhbLX-5gDmUUNtI8lKj0Bqg80AOAGQ9KCfJ1RKps8A7JUAosh41VwQN1ARCDtCgLqXvXYN-jNP3qGg_yguW8Uw5x9Nk6DLHdGU9vz8Aec5JIA:1uWzVj:NS36lJTs32me9BPkAomhkpWzEXrM6H19_SwJBQgtvaA",
    "expire_date": "2025-07-03T15:36:35.951Z"
  }
},
{
  "model": "sessions.session",
  "pk": "kco153uiczilaqps285fg7hiwv8feui3",
  "fields": {
    "session_data": ".eJxVjDsOwjAQBe_iGlnZ-JOEkj5nsLzeNQ4gW4qTCnF3HCkFtDPz3ls4v2_J7ZVXt5C4ChCXX4Y-PDkfgh4-34sMJW_rgvJI5GmrnAvx63a2fwfJ19TWsSdLzNFMpKxWgAFx8KbvxoCGrGrQ2o6IGokaAhlA4kkjArAZRvH5Av9EOFs:1uQUjF:BTGfG7zqpswsGztu7m28gtVeY3LtXcOCF1VPQ2trB9w",
    "expire_date": "2025-06-15T17:31:41.134Z"
  }
},
{
  "model": "sessions.session",
  "pk": "kjndd54u9515ed4xalqfo68wu1wz5400",
  "fields": {
    "session_data": ".eJxVTksOwiAQvQtr0wClU9qdJp6DDDANRFsbsInGeHdRGz_L9383ZnA5B7NkSiZ61jPRss0vadEdaHoqLizJhWolcrUfMR63xbhbLX-5gDmUUNtI8lKj0Bqg80AOAGQ9KCfJ1RKps8A7JUAosh41VwQN1ARCDtCgLqXvXYN-jNP3qGg_yguW8Uw5x9Nk6DLHdGU9vz8Aec5JIA:1uXVrV:Ok8NPmhFQb-rGdsQa8Zv0HxXYIws-6lvo4hTvR4GSfA",
    "expire_date": "2025-07-05T02:09:13.024Z"
  }
},
{
  "model": "sessions.session",
  "pk": "lqps7gr8bxpeazoxvutq122i5zf7sr1f",
  "fields": {
    "session_data": ".eJxVjEEOwiAQRe_C2pAywBRcuvcMZICpVA0kpV0Z765NutDtf-_9lwi0rSVsnZcwZ3EWahSn3zFSenDdSb5TvTWZWl2XOcpdkQft8toyPy-H-3dQqJdvPVrgDI6Uc4g-IydEBD2ZBJw0EPuIgzcKleGYyQ2G0aJmVDChJSfeH_g6N4o:1uIA43:6XCu0s0MGqvDb4YXAv-HfEmu8lu5LwfOG1wuIe8c_9M",
    "expire_date": "2025-05-23T17:50:43.050Z"
  }
},
{
  "model": "sessions.session",
  "pk": "m0pmuxawdteygiae9uymbutroocb6dph",
  "fields": {
    "session_data": ".eJxVjDsOwjAQBe_iGlnZ-JOEkj5nsLzeNQ4gW4qTCnF3HCkFtDPz3ls4v2_J7ZVXt5C4ChCXX4Y-PDkfgh4-34sMJW_rgvJI5GmrnAvx63a2fwfJ19TWsSdLzNFMpKxWgAFx8KbvxoCGrGrQ2o6IGokaAhlA4kkjArAZRvH5Av9EOFs:1uIeXQ:7L_WkF0fWEGf55eaa_q03aRC6IPsxk_LqzCVjPYyLv8",
    "expire_date": "2025-05-25T02:23:04.738Z"
  }
},
{
  "model": "sessions.session",
  "pk": "mdxp15g8w2g16bd96recpjii7yf1hq8l",
  "fields": {
    "session_data": ".eJxVTksOwiAQvQtr0wClU9qdJp6DDDANRFsbsInGeHdRGz_L9383ZnA5B7NkSiZ61jPRss0vadEdaHoqLizJhWolcrUfMR63xbhbLX-5gDmUUNtI8lKj0Bqg80AOAGQ9KCfJ1RKps8A7JUAosh41VwQN1ARCDtCgLqXvXYN-jNP3qGg_yguW8Uw5x9Nk6DLHdGU9vz8Aec5JIA:1uJrcM:C9XvfmiLA2oz297IEcHS-CU7aLcL9QMGdN0MSeomI4k",
    "expire_date": "2025-05-28T10:33:10.062Z"
  }
},
{
  "model": "sessions.session",
  "pk": "mtric1f8at6royqs1f4bj4nlykulqvtt",
  "fields": {
    "session_data": ".eJxVjDsOwjAQBe_iGlnZ-JOEkj5nsLzeNQ4gW4qTCnF3HCkFtDPz3ls4v2_J7ZVXt5C4ChCXX4Y-PDkfgh4-34sMJW_rgvJI5GmrnAvx63a2fwfJ19TWsSdLzNFMpKxWgAFx8KbvxoCGrGrQ2o6IGokaAhlA4kkjArAZRvH5Av9EOFs:1uIfHr:gv51yupliVztWhOPA7KznppP0JMWjqwz_LLIfIFQZks",
    "expire_date": "2025-05-25T03:11:03.861Z"
  }
},
{
  "model": "sessions.session",
  "pk": "mx5ez2mg1au4iz8xmf9zf2w745bfgbqp",
  "fields": {
    "session_data": ".eJxVTksKwjAQvUvWUpI0adLuFDxHmJmOJGirNBYU8e6mWPws3_89RID5GsOceQqpF53QSmx-SQQ68rgoFOeJYrUSudoPkE7bYtytlr9chBxLyDvsFTYtG0OktLXgfF03tWX2BKgQkA2AlNTqg1VoJBhqnAZvpNbOltL3boB-SOP3qFYfZYG2jGfOOZ3HwLdLmu6ik88XpnJJfA:1uJrvk:eoKEVM2ZxpGlqIOBzGJ7e-EltkohH28yaIZCWD91uR0",
    "expire_date": "2025-05-28T10:53:12.335Z"
  }
},
{
  "model": "sessions.session",
  "pk": "n16qlyksxapcmw6nbxs9xp6n5etezuh1",
  "fields": {
    "session_data": ".eJxVi0sOwiAQQO_C2jQw5evOHsB4AzLMQDDGmoCsjHe3Jl3o9n1eIuJ41jh6bvHK4ijAi8MvTEi3vH4N1dGoTjvo06U-1nwe95TbacuXPfy7K_a6rToomg0FlK6UZApohQoN6uDRs08wF-sSOvYMTBacVB6kciWEYtmyeH8AYjI3Jg:1uXVqy:pzb7ey50r_5H3yXP3hL3o5XnzefPdCqVKs6tEa4CaX4",
    "expire_date": "2025-07-05T02:08:40.486Z"
  }
},
{
  "model": "sessions.session",
  "pk": "nlpnfu5u8lopb1plhpi5wlifced1f9a8",
  "fields": {
    "session_data": ".eJxVTksOwiAQvQtr0wClU9qdJp6DDDANRFsbsInGeHdRGz_L9383ZnA5B7NkSiZ61jPRss0vadEdaHoqLizJhWolcrUfMR63xbhbLX-5gDmUUNtI8lKj0Bqg80AOAGQ9KCfJ1RKps8A7JUAosh41VwQN1ARCDtCgLqXvXYN-jNP3qGg_yguW8Uw5x9Nk6DLHdGU9vz8Aec5JIA:1uTuZE:pTVFSntv2vXo0-Lxz9waLoYPqz9-ZbvsQHXxJdjtN2I",
    "expire_date": "2025-06-25T03:43:28.499Z"
  }
},
{
  "model": "sessions.session",
  "pk": "nuq2pk6syci58c7tikj64gw3da6h538i",
  "fields": {
    "session_data": ".eJxVjDsOwjAQBe_iGlnZ-JOEkj5nsLzeNQ4gW4qTCnF3HCkFtDPz3ls4v2_J7ZVXt5C4ChCXX4Y-PDkfgh4-34sMJW_rgvJI5GmrnAvx63a2fwfJ19TWsSdLzNFMpKxWgAFx8KbvxoCGrGrQ2o6IGokaAhlA4kkjArAZRvH5Av9EOFs:1uIWT3:Jg2f7f5Ku5CViMnjqn3Gr5HxVfJhokbGHCB7AGh2Hzk",
    "expire_date": "2025-05-24T17:46:01.153Z"
  }
},
{
  "model": "sessions.session",
  "pk": "ofq0eikpipo3nqbq65x7fchlsg5d81kq",
  "fields": {
    "session_data": ".eJxVjDsOwjAQBe_iGlnZ-JOEkj5nsLzeNQ4gW4qTCnF3HCkFtDPz3ls4v2_J7ZVXt5C4ChCXX4Y-PDkfgh4-34sMJW_rgvJI5GmrnAvx63a2fwfJ19TWsSdLzNFMpKxWgAFx8KbvxoCGrGrQ2o6IGokaAhlA4kkjArAZRvH5Av9EOFs:1ubBUm:1K_dW3b5KQgMMKGR7CgRuCOOya0KtS__qbQkFntYTTM",
    "expire_date": "2025-07-15T05:12:56.149Z"
  }
},
{
  "model": "sessions.session",
  "pk": "ogz0hcixt37i4znrkx1bxozlitvnldxq",
  "fields": {
    "session_data": ".eJxVjDsOwjAQBe_iGlnZ-JOEkj5nsLzeNQ4gW4qTCnF3HCkFtDPz3ls4v2_J7ZVXt5C4ChCXX4Y-PDkfgh4-34sMJW_rgvJI5GmrnAvx63a2fwfJ19TWsSdLzNFMpKxWgAFx8KbvxoCGrGrQ2o6IGokaAhlA4kkjArAZRvH5Av9EOFs:1uIOpt:sgAC8lmKB8yyQwfklCSYt36Ca0RrXebUuXJkJ-hOnuE",
    "expire_date": "2025-05-24T09:37:05.072Z"
  }
},
{
  "model": "sessions.session",
  "pk": "oi41l17wmmxdimpn480u8cz24ef7guxs",
  "fields": {
    "session_data": ".eJxVjjsOwjAQRO_iFoh2l_iXDg6AKOit9U9GkCDFSYW4O4mUAtqZeTPzFo7nqbi5ptHdo-gEGbH_FT2HRxpWJ5R5DKXZhNpcy2tIl7n3aTwt8fMW_KML17KgrcVwlMEy6Jy9zNQiI0turWETjadjVtqzjiZSDIo0oCFAna3NKqq1tE_rkAuFJ_fkOrma0rD-BZIH0AeUN6ROqg6pQZQa5Q6gAxCfLzM3Rxg:1ubfCe:MrFcrtocSbeS1KL3Xp1ZW0pM1O5XQLpiLDiZg31HBFY",
    "expire_date": "2025-07-16T12:56:12.199Z"
  }
},
{
  "model": "sessions.session",
  "pk": "pclhxlrvx4olak763i7m6bgunbsq8jhg",
  "fields": {
    "session_data": ".eJxVTksOwiAQvQtr0wClU9qdJp6DDDANRFsbsInGeHdRGz_L9383ZnA5B7NkSiZ61jPRss0vadEdaHoqLizJhWolcrUfMR63xbhbLX-5gDmUUNtI8lKj0Bqg80AOAGQ9KCfJ1RKps8A7JUAosh41VwQN1ARCDtCgLqXvXYN-jNP3qGg_yguW8Uw5x9Nk6DLHdGU9vz8Aec5JIA:1uYGUo:uRne2aiAeiVQfrS1K2kvMOcufTWBwDJo_Jt74EgD_OQ",
    "expire_date": "2025-07-07T03:56:54.601Z"
  }
},
{
  "model": "sessions.session",
  "pk": "pg1vq9brdx5wugz6wnp7hq3xls8kcvi9",
  "fields": {
    "session_data": ".eJxVTt0KwiAUfhevY6hHne2uoOeQoztDqa3QBkX07jka_Vx-_9-DOZyv0c2Fsks965iybPNLegxHmhYlxDmH2KxEaQ4jptOuGver5S8XscQakoYbw0EZblv0YANpEh57HMgIpDaABqM83wYIA4BUIFBoKRW12kvta-l712E_pul7VNmPskABdb1QKek8ObpdUr6zjj9fwONJWg:1ubKGR:voztyf9HH4g9mdGozMu_ZzFp64N_Ez9TYiMkH4BLhJE",
    "expire_date": "2025-07-15T14:34:43.504Z"
  }
},
{
  "model": "sessions.session",
  "pk": "pkc7k07nz76y52gmcagyoe5wpfvxz812",
  "fields": {
    "session_data": ".eJxVjjsOwjAQRO_iFhLtOv6mgwMgCnpr_ZMRJEhxUiHuTiKlgHZm3sy8maNlLm6paXL3yHrGDTv-ip7CI42bE8oyhdLuQm2v5TWmyzL4NJ3W-HkP_tGFallRYTF0MlgCnbOXmQskJEnCGjLReN5lpT3paCKPQXENaDigztZmFdVWOqRtyIVCs3tSnV1Nadz-ApcN6AblDbEH04NqUSAKcQDoAdjnCzLcRxI:1ubdW2:1K7sS8Jqwip993Ltu36gMWoWli955Be8V2pnLdwDh38",
    "expire_date": "2025-07-16T11:08:06.143Z"
  }
},
{
  "model": "sessions.session",
  "pk": "q3oo6zuynb82k8leetwnle5yrhscb3eg",
  "fields": {
    "session_data": ".eJxVizsOwjAMQO-SGVVO7CaBDSTOETlOrFR8hqadEHenSB1gfZ-XSbwuLa29zmkq5mTQm8MvzCy3-vwaaessbdhBH64Pnu7nLbzsyd_XuLdtCl7BZR4lO0DAougzFWILFYIeJVpi1UDgKeSqBC5EG9H6XIvgKOb9AdObNIg:1uaThy:XPSo-IUD1X1wy0x5ZmaRTCnWffDP35Z-D5X3gn2r37A",
    "expire_date": "2025-07-13T06:27:38.643Z"
  }
},
{
  "model": "sessions.session",
  "pk": "qlw1db1m1b0alznywcdvo4gqire0od43",
  "fields": {
    "session_data": ".eJxVTksOwiAQvQtr0wClU9qdJp6DDDANRFsbsInGeHdRGz_L9383ZnA5B7NkSiZ61jPRss0vadEdaHoqLizJhWolcrUfMR63xbhbLX-5gDmUUNtI8lKj0Bqg80AOAGQ9KCfJ1RKps8A7JUAosh41VwQN1ARCDtCgLqXvXYN-jNP3qGg_yguW8Uw5x9Nk6DLHdGU9vz8Aec5JIA:1uS9r1:kZi4eK4OEFVdpN-QcX-UEjzgd3JrxpVNwLOlODdQL4I",
    "expire_date": "2025-06-20T07:38:35.431Z"
  }
},
{
  "model": "sessions.session",
  "pk": "qs86olvtxivheepp9tzjefn8amfh2men",
  "fields": {
    "session_data": ".eJxVTkkKwjAUvUvWUpLfpEm7U_AcIcP_JGhraSwo4t1tsTgs3_wezLr5muxccLI5so5JzXa_pHfhhMOqhDRPIVUbUapj7_J5vxgPm-Uvl1xJSwhazYXm2njReNVE8hwNuZY8IWAtNVdCkSQKToGOPhgEY6KqBSC0sJa-d62LfR6-R6X-KCsUsKwXLCVfBou3MU931vHnC__BShI:1ubJxS:OlxS3afd7xf43mlV-vaLyeIuN0wghBL6PYekKu6g-EY",
    "expire_date": "2025-07-15T14:15:06.851Z"
  }
},
{
  "model": "sessions.session",
  "pk": "ravedl4m9c2s3i3vxvajo7d0pi30a7h0",
  "fields": {
    "session_data": ".eJxVizkOwjAQRe_iGkVexsGhA4lzWN_jiRyxFHFcIe6eREoB7Vs-KqItJbYqc5yyuijn1ekXJvBD3rvh0mYu3QFqd39hel638HYkf19BLdtkNLGkoL3zDNG9kYCU2LjRkwnAABtYAG3IBskZQ-71SMKO6SzWqe8K7I41ag:1uaSFv:CgMD_Hg3uUFjNZFEC0hziLh2657jVrhnl4YIrGNK9bw",
    "expire_date": "2025-07-13T04:54:35.177Z"
  }
},
{
  "model": "sessions.session",
  "pk": "rosws5mn8or19sp8e6zt1m2v6qi3wmg7",
  "fields": {
    "session_data": ".eJxVTksOwiAQvQtr0wClU9qdJp6DDDANRFsbsInGeHdRGz_L9383ZnA5B7NkSiZ61jPRss0vadEdaHoqLizJhWolcrUfMR63xbhbLX-5gDmUUNtI8lKj0Bqg80AOAGQ9KCfJ1RKps8A7JUAosh41VwQN1ARCDtCgLqXvXYN-jNP3qGg_yguW8Uw5x9Nk6DLHdGU9vz8Aec5JIA:1uTWpp:oElRUITE03QyF7KjROEm_zGaWTdADYhJXgqyYdNG4M0",
    "expire_date": "2025-06-24T02:23:01.543Z"
  }
},
{
  "model": "sessions.session",
  "pk": "syb4g9d1fs5gdp6mc0nhwvkvhibizs7n",
  "fields": {
    "session_data": ".eJxVjjkOwjAUBe_iGln4Bzs2JT1nsP4WHBZHylIh7g5BKaB9Mxq9p8m4zCUvk465F3M0Lprd70jIN60rkSvWy2B5qPPYk10Vu9HJngfR-2lz_wIFp7J2VUnRUwogCHToXOSYOgH2IKllFU9K2LSNtr5jAOWQ_B6CSGjYhU-UyzJyySiPvn7Puvh6A0NUQFM:1uI98Y:puKUSLmtMIV53ABRbHXEVoNHGeOz83BEVC7wliHoBAs",
    "expire_date": "2025-05-23T16:51:18.584Z"
  }
},
{
  "model": "sessions.session",
  "pk": "szgg9as3wf3bon8ho0rctt7uql5x7bs1",
  "fields": {
    "session_data": ".eJxVTksOwiAQvQtr0wClU9qdJp6DDDANRFsbsInGeHdRGz_L9383ZnA5B7NkSiZ61jPRss0vadEdaHoqLizJhWolcrUfMR63xbhbLX-5gDmUUNtI8lKj0Bqg80AOAGQ9KCfJ1RKps8A7JUAosh41VwQN1ARCDtCgLqXvXYN-jNP3qGg_yguW8Uw5x9Nk6DLHdGU9vz8Aec5JIA:1uaTe7:Vi8-oes_I5ZcNnb5TIqWNrc4NDZorMEz1i6wtZSLGiQ",
    "expire_date": "2025-07-13T06:23:39.545Z"
  }
},
{
  "model": "sessions.session",
  "pk": "t8lc51t1hgovfej975qh2c318v02mz1h",
  "fields": {
    "session_data": ".eJxVi0sOwiAQQO_C2jQw5evOHsB4AzLMQDDGmoCsjHe3Jl3o9n1eIuJ41jh6bvHK4ijAi8MvTEi3vH4N1dGoTjvo06U-1nwe95TbacuXPfy7K_a6rToomg0FlK6UZApohQoN6uDRs08wF-sSOvYMTBacVB6kciWEYtmyeH8AYjI3Jg:1uY5Iw:eXTkg6-F4JmVUPlNji_QT3rhLwWgrKiF61x7um3SnoI",
    "expire_date": "2025-07-06T15:59:54.606Z"
  }
},
{
  "model": "sessions.session",
  "pk": "tuj20wnnv0val22e38cp45m796t3gn8f",
  "fields": {
    "session_data": ".eJxVjDsOwjAQBe_iGlnZ-JOEkj5nsLzeNQ4gW4qTCnF3HCkFtDPz3ls4v2_J7ZVXt5C4ChCXX4Y-PDkfgh4-34sMJW_rgvJI5GmrnAvx63a2fwfJ19TWsSdLzNFMpKxWgAFx8KbvxoCGrGrQ2o6IGokaAhlA4kkjArAZRvH5Av9EOFs:1uH3JO:gJbuCgUnIewyo1nAGhbPzgA2Ce9nT6Z7NiQjOzsAr-o",
    "expire_date": "2025-05-20T16:25:58.831Z"
  }
},
{
  "model": "sessions.session",
  "pk": "twa47h7nje11yjkucn8iv2mfs4k0oqrq",
  "fields": {
    "session_data": ".eJxVTksOwiAQvQtr0wClU9qdJp6DDDANRFsbsInGeHdRGz_L9383ZnA5B7NkSiZ61jPRss0vadEdaHoqLizJhWolcrUfMR63xbhbLX-5gDmUUNtI8lKj0Bqg80AOAGQ9KCfJ1RKps8A7JUAosh41VwQN1ARCDtCgLqXvXYN-jNP3qGg_yguW8Uw5x9Nk6DLHdGU9vz8Aec5JIA:1uLdxW:4Im0d8GNDeMYlR9DjtFuLs1bg7NsTC_x_mI1tboeGK4",
    "expire_date": "2025-06-02T08:22:22.962Z"
  }
},
{
  "model": "sessions.session",
  "pk": "u7vbna69ntr2echlivpur2dxu2v6orkr",
  "fields": {
    "session_data": ".eJxVi0sOwiAQQO_C2jQw5evOHsB4AzLMQDDGmoCsjHe3Jl3o9n1eIuJ41jh6bvHK4ijAi8MvTEi3vH4N1dGoTjvo06U-1nwe95TbacuXPfy7K_a6rToomg0FlK6UZApohQoN6uDRs08wF-sSOvYMTBacVB6kciWEYtmyeH8AYjI3Jg:1uW6V8:sXCefr8Np7d7AFqPiulb1F2mbiCn3lL06zs9hxhio8E",
    "expire_date": "2025-07-01T04:52:18.102Z"
  }
},
{
  "model": "sessions.session",
  "pk": "u81pgr6mul0ugcepy3e8qlyc77kqfevp",
  "fields": {
    "session_data": ".eJxVizkOwjAQRe_iGkVexsGhA4lzWN_jiRyxFHFcIe6eREoB7Vs-KqItJbYqc5yyuijn1ekXJvBD3rvh0mYu3QFqd39hel638HYkf19BLdtkNLGkoL3zDNG9kYCU2LjRkwnAABtYAG3IBskZQ-71SMKO6SzWqe8K7I41ag:1ua5CF:noAbN_ZTr2ocuCJfWr76N2AwZqhUPdccT_SUE0VYF7g",
    "expire_date": "2025-07-12T04:17:15.601Z"
  }
},
{
  "model": "sessions.session",
  "pk": "uge4pwf1mm33n2oruhznounlqd7rog1p",
  "fields": {
    "session_data": ".eJxVizkOwjAQRe_iGkVexsGhA4lzWN_jiRyxFHFcIe6eREoB7Vs-KqItJbYqc5yyuijn1ekXJvBD3rvh0mYu3QFqd39hel638HYkf19BLdtkNLGkoL3zDNG9kYCU2LjRkwnAABtYAG3IBskZQ-71SMKO6SzWqe8K7I41ag:1ua5ro:GD1f4EkPTKcsPSeksoIArgJf6XWNcwOtW6btYM-c-_c",
    "expire_date": "2025-07-12T05:00:12.094Z"
  }
},
{
  "model": "sessions.session",
  "pk": "vooksbwo4rcxnwcdvbq0oxlc4cbzjoxu",
  "fields": {
    "session_data": ".eJxVjDsOwjAQBe_iGlnZ-JOEkj5nsLzeNQ4gW4qTCnF3HCkFtDPz3ls4v2_J7ZVXt5C4ChCXX4Y-PDkfgh4-34sMJW_rgvJI5GmrnAvx63a2fwfJ19TWsSdLzNFMpKxWgAFx8KbvxoCGrGrQ2o6IGokaAhlA4kkjArAZRvH5Av9EOFs:1ubdVj:Cy8y50RUQr-CWdev8eiYS6uAtfI5WtKxbueIsXyrFLI",
    "expire_date": "2025-07-16T11:07:47.659Z"
  }
},
{
  "model": "sessions.session",
  "pk": "vt1xvelvl94vnej6iboyeo0hkayob2gb",
  "fields": {
    "session_data": ".eJxVTksOwiAQvQtr0wClU9qdJp6DDDANRFsbsInGeHdRGz_L9383ZnA5B7NkSiZ61jPRss0vadEdaHoqLizJhWolcrUfMR63xbhbLX-5gDmUUNtI8lKj0Bqg80AOAGQ9KCfJ1RKps8A7JUAosh41VwQN1ARCDtCgLqXvXYN-jNP3qGg_yguW8Uw5x9Nk6DLHdGU9vz8Aec5JIA:1uKCO0:DkxWBEtRneqTzsvCWyqu4BhoofSe_xlUjUtK2Bf7NrA",
    "expire_date": "2025-05-29T08:43:44.843Z"
  }
},
{
  "model": "sessions.session",
  "pk": "vxe884d7yca41a6i0scly7ykysyfly7c",
  "fields": {
    "session_data": ".eJxVjs0OgjAQhN-lZ0JogaVw08TnaJZ2oY38GEoTjfHdrUpUjjvzzezcmcKwWhU8LcoZ1jBeseRfbFGfaXo52oZF23QTfHoa0Q2HCB43ZJez6G0MVaUgIyRyKQFqA6QBQORdoQXpXCDVLWR1wYEX1BqUWUFQQk7ARQclylj6-avQjG76DeXV13mfCXNe7dBh7nsyyk2sWZdAcZ0n7908Kbpe3HJjTfZ4AsIdVbE:1uJVXm:uPNKYXPdDWo3_A8oh8JYZ3R5Vov_SjC4kFMpqEiGamw",
    "expire_date": "2025-05-27T10:58:58.394Z"
  }
},
{
  "model": "sessions.session",
  "pk": "w6lqtjwh3pm0e0t90ha4oakow5xf58s1",
  "fields": {
    "session_data": ".eJxVTksOwiAQvQtr0wClU9qdJp6DDDANRFsbsInGeHdRGz_L9383ZnA5B7NkSiZ61jPRss0vadEdaHoqLizJhWolcrUfMR63xbhbLX-5gDmUUNtI8lKj0Bqg80AOAGQ9KCfJ1RKps8A7JUAosh41VwQN1ARCDtCgLqXvXYN-jNP3qGg_yguW8Uw5x9Nk6DLHdGU9vz8Aec5JIA:1uMrkF:rVdqopb8UdO7A5yMoiK4A6F2Tk_qqmYinTyFsYcpU0s",
    "expire_date": "2025-06-05T17:17:43.880Z"
  }
},
{
  "model": "sessions.session",
  "pk": "wcxs50i1ythlvp2jex0sjoeeverud72n",
  "fields": {
    "session_data": ".eJxVizkOwjAQRe_iGkVexsGhA4lzWN_jiRyxFHFcIe6eREoB7Vs-KqItJbYqc5yyuijn1ekXJvBD3rvh0mYu3QFqd39hel638HYkf19BLdtkNLGkoL3zDNG9kYCU2LjRkwnAABtYAG3IBskZQ-71SMKO6SzWqe8K7I41ag:1ua5AG:QxmOsLXbQqpiV8bzFbkjXAHP7hcizbs8MltCQX2ySzM",
    "expire_date": "2025-07-12T04:15:12.083Z"
  }
},
{
  "model": "sessions.session",
  "pk": "wfv4j0190zh7vgmlpf1j694nm3qbtkw1",
  "fields": {
    "session_data": ".eJxVizkOwjAQRe_iGkVexsGhA4lzWN_jiRyxFHFcIe6eREoB7Vs-KqItJbYqc5yyuijn1ekXJvBD3rvh0mYu3QFqd39hel638HYkf19BLdtkNLGkoL3zDNG9kYCU2LjRkwnAABtYAG3IBskZQ-71SMKO6SzWqe8K7I41ag:1ua5P2:eUtIRscZ3DqeG_tu1yO5dsz6dL5ArjiZxzQ8AXnjyUk",
    "expire_date": "2025-07-12T04:30:28.262Z"
  }
},
{
  "model": "sessions.session",
  "pk": "wkgaerj6fhd89xo282vakh310uhb1r4p",
  "fields": {
    "session_data": ".eJxVTksOwiAQvQtr0wClU9qdJp6DDDANRFsbsInGeHdRGz_L9383ZnA5B7NkSiZ61jPRss0vadEdaHoqLizJhWolcrUfMR63xbhbLX-5gDmUUNtI8lKj0Bqg80AOAGQ9KCfJ1RKps8A7JUAosh41VwQN1ARCDtCgLqXvXYN-jNP3qGg_yguW8Uw5x9Nk6DLHdGU9vz8Aec5JIA:1uPP4I:z_PxhZA5BM5m2gvQJqsQkXmSfYqfar1vcXt4ty4wOi0",
    "expire_date": "2025-06-12T17:16:54.142Z"
  }
},
{
  "model": "sessions.session",
  "pk": "wmin09g7tmepdza9w94qufbbpqgxbg86",
  "fields": {
    "session_data": ".eJxVi0sOwiAQQO_C2jQw5evOHsB4AzLMQDDGmoCsjHe3Jl3o9n1eIuJ41jh6bvHK4ijAi8MvTEi3vH4N1dGoTjvo06U-1nwe95TbacuXPfy7K_a6rToomg0FlK6UZApohQoN6uDRs08wF-sSOvYMTBacVB6kciWEYtmyeH8AYjI3Jg:1uRuDG:1LSv1p0bw_Du5UXXB5ePe8cu0b-opGaqQ_av4vK_v4U",
    "expire_date": "2025-06-19T14:56:30.236Z"
  }
},
{
  "model": "sessions.session",
  "pk": "xp0x2u7gh8e2jguqftmokzcn7hifw1pq",
  "fields": {
    "session_data": ".eJxVjDsOwjAQBe_iFhKtf4njDiRuQG-t1xs5gqSIkwpxd4yUAtp5b-YlAu5bDnvhNUxJeKGtOP_CiPTg5btQ3lfK7QFKe5txel7q8Xpc_ryMJVdJgiGODqy2hAydZIcxktSjNdIhDqgcMSJIoxynhEPqYDRMmkzPStfozHOsQcq4hSeWLRTmpaYVKNtA30h7l-B17yW0Xa9NN5wAPIB4fwBXj0Vm:1ubd26:7nfl8UlCliltsnIKU-ZD3FJzs3Qj5KngUsbu8HZKfDI",
    "expire_date": "2025-07-16T10:37:10.681Z"
  }
},
{
  "model": "sessions.session",
  "pk": "xuu8319klc0n5w87u7p1vpf5k3nazg17",
  "fields": {
    "session_data": ".eJxVjDsOwjAQBe_iGlnZ-JOEkj5nsLzeNQ4gW4qTCnF3HCkFtDPz3ls4v2_J7ZVXt5C4ChCXX4Y-PDkfgh4-34sMJW_rgvJI5GmrnAvx63a2fwfJ19TWsSdLzNFMpKxWgAFx8KbvxoCGrGrQ2o6IGokaAhlA4kkjArAZRvH5Av9EOFs:1uIOto:hMtu0w7TFpav4nSUXS-tvajkJtS62HYx_-IMoFRoS8s",
    "expire_date": "2025-05-24T09:41:08.758Z"
  }
},
{
  "model": "sessions.session",
  "pk": "xy5uwgkl9ap63s2z4wr6pig3rqoq993i",
  "fields": {
    "session_data": ".eJxVi0sOwiAQQO_C2jQw5evOHsB4AzLMQDDGmoCsjHe3Jl3o9n1eIuJ41jh6bvHK4ijAi8MvTEi3vH4N1dGoTjvo06U-1nwe95TbacuXPfy7K_a6rToomg0FlK6UZApohQoN6uDRs08wF-sSOvYMTBacVB6kciWEYtmyeH8AYjI3Jg:1uYT7e:A2Ayy5TEnBfh-b4dtuOBhWLpyBGXWOfpjoavieIupOg",
    "expire_date": "2025-07-07T17:25:50.990Z"
  }
},
{
  "model": "sessions.session",
  "pk": "yj59r1xoch8ymbu9j2jpwtrrla38hosa",
  "fields": {
    "session_data": ".eJxVizkOwjAQRe_iGkVexsGhA4lzWN_jiRyxFHFcIe6eREoB7Vs-KqItJbYqc5yyuijn1ekXJvBD3rvh0mYu3QFqd39hel638HYkf19BLdtkNLGkoL3zDNG9kYCU2LjRkwnAABtYAG3IBskZQ-71SMKO6SzWqe8K7I41ag:1uaRBL:0ZRTqJtxlYDFaT53ufLIvzX12qrjeohTQcsF2UidKFk",
    "expire_date": "2025-07-13T03:45:47.662Z"
  }
},
{
  "model": "sessions.session",
  "pk": "za3kyi3qllivooqp9f6qcbn1zc54z3zv",
  "fields": {
    "session_data": ".eJxVTksOwiAQvQtr0wClU9qdJp6DDDANRFsbsInGeHdRGz_L9383ZnA5B7NkSiZ61jPRss0vadEdaHoqLizJhWolcrUfMR63xbhbLX-5gDmUUNtI8lKj0Bqg80AOAGQ9KCfJ1RKps8A7JUAosh41VwQN1ARCDtCgLqXvXYN-jNP3qGg_yguW8Uw5x9Nk6DLHdGU9vz8Aec5JIA:1uXsdC:ffFFG1lrbh_0Sj_bptCa5ijR2ZaFKdL3E9lXBtbPGrQ",
    "expire_date": "2025-07-06T02:27:58.338Z"
  }
},
{
  "model": "sessions.session",
  "pk": "zbo7nec9jw89i7kjpg1mpkakrkmt6wg5",
  "fields": {
    "session_data": ".eJxVi0sOwiAQQO_C2jQw5evOHsB4AzLMQDDGmoCsjHe3Jl3o9n1eIuJ41jh6bvHK4ijAi8MvTEi3vH4N1dGoTjvo06U-1nwe95TbacuXPfy7K_a6rToomg0FlK6UZApohQoN6uDRs08wF-sSOvYMTBacVB6kciWEYtmyeH8AYjI3Jg:1uSrTe:E7P9svSvMxNvZmvpkdUzQS-anCHt-kVOp9JAu0UNZyY",
    "expire_date": "2025-06-22T06:13:22.484Z"
  }
},
{
  "model": "sessions.session",
  "pk": "zexotdjus2p2nqov96vtrbisrkml3wm9",
  "fields": {
    "session_data": ".eJxVjDsOwjAQBe_iGlnZ-JOEkj5nsLzeNQ4gW4qTCnF3HCkFtDPz3ls4v2_J7ZVXt5C4ChCXX4Y-PDkfgh4-34sMJW_rgvJI5GmrnAvx63a2fwfJ19TWsSdLzNFMpKxWgAFx8KbvxoCGrGrQ2o6IGokaAhlA4kkjArAZRvH5Av9EOFs:1uJmba:0fL-zLJQeL13eoMprU0tChP4ozqllU6ZDQd27rDSdqE",
    "expire_date": "2025-05-28T05:12:02.544Z"
  }
},
{
  "model": "sessions.session",
  "pk": "zqj3edvdkaham7icgphtfr7bsb2chth1",
  "fields": {
    "session_data": ".eJxVizkOwjAQRe_iGkVexsGhA4lzWN_jiRyxFHFcIe6eREoB7Vs-KqItJbYqc5yyuijn1ekXJvBD3rvh0mYu3QFqd39hel638HYkf19BLdtkNLGkoL3zDNG9kYCU2LjRkwnAABtYAG3IBskZQ-71SMKO6SzWqe8K7I41ag:1ua5k1:lTybbBIbbRGU5vDfv_T5vnrsTov5cmK1jkSmdkV4yd8",
    "expire_date": "2025-07-12T04:52:09.741Z"
  }
},
{
  "model": "church.customuser",
  "pk": 1,
  "fields": {
    "password": "pbkdf2_sha256$1000000$jsdtJBsJvgUprkNAxLIkHI$ppCXgzj97oTQJhkHQ5EGMttHF/qX+bl9Q9XMKN6GAs0=",
    "last_login": "2025-07-15T11:07:47.654Z",
    "is_superuser": true,
    "first_name": "Ngamraibou",
    "last_name": "Chawang",
    "is_staff": true,
    "is_active": true,
    "date_joined": "2025-05-19T16:25:09.369Z",
    "phone_number": null,
    "church": null,
    "sex": null,
    "marital_status": null,
    "email": "ktchawang@yahoo.com",
    "is_church_admin": false,
    "is_volunteer": false,
    "is_member": false,
    "groups": [],
    "user_permissions": []
  }
},
{
  "model": "church.customuser",
  "pk": 17,
  "fields": {
    "password": "pbkdf2_sha256$1000000$Bh0wEezNoKqrAqGGW4xY3a$7nQwHk4tssOyIpYRKF7+QPAP7FGZoVsMTFXQ/Ld/Wkw=",
    "last_login": "2025-07-15T12:39:25.472Z",
    "is_superuser": false,
    "first_name": "",
    "last_name": "",
    "is_staff": false,
    "is_active": true,
    "date_joined": "2025-05-22T15:45:39.661Z",
    "phone_number": null,
    "church": null,
    "sex": null,
    "marital_status": null,
    "email": "makuibc@gmail.com",
    "is_church_admin": true,
    "is_volunteer": false,
    "is_member": false,
    "groups": [],
    "user_permissions": []
  }
},
{
  "model": "church.customuser",
  "pk": 18,
  "fields": {
    "password": "pbkdf2_sha256$1000000$XAYL8RuD0KlKhPaC7VX6tr$J5lupJy5QC2BqeIyT85L7ZxS3wR+/n1eXAJrR+VZdQE=",
    "last_login": "2025-07-13T12:10:06.444Z",
    "is_superuser": false,
    "first_name": "",
    "last_name": "",
    "is_staff": false,
    "is_active": true,
    "date_joined": "2025-05-22T16:05:31.449Z",
    "phone_number": null,
    "church": null,
    "sex": null,
    "marital_status": null,
    "email": "lbccbc@gmail.com",
    "is_church_admin": true,
    "is_volunteer": false,
    "is_member": false,
    "groups": [],
    "user_permissions": []
  }
},
{
  "model": "church.customuser",
  "pk": 19,
  "fields": {
    "password": "pbkdf2_sha256$1000000$brCrYuONmswoR6INwNcOuz$vIZA07gH366wTVh24V4V54yd+fTshXaX+Q8HMJlkmPk=",
    "last_login": "2025-05-23T18:27:39.685Z",
    "is_superuser": false,
    "first_name": "",
    "last_name": "",
    "is_staff": false,
    "is_active": true,
    "date_joined": "2025-05-23T15:25:24.717Z",
    "phone_number": null,
    "church": null,
    "sex": null,
    "marital_status": null,
    "email": "thebram@gmail.com",
    "is_church_admin": true,
    "is_volunteer": false,
    "is_member": false,
    "groups": [],
    "user_permissions": []
  }
},
{
  "model": "church.customuser",
  "pk": 20,
  "fields": {
    "password": "pbkdf2_sha256$1000000$BmsRAUdPqFykxgdFzxmznq$AmycmVz96raGaFE9/6hWtYFVy5V020SVPpMKCgYp+2Q=",
    "last_login": null,
    "is_superuser": false,
    "first_name": "",
    "last_name": "",
    "is_staff": false,
    "is_active": true,
    "date_joined": "2025-05-24T05:21:58.648Z",
    "phone_number": null,
    "church": null,
    "sex": null,
    "marital_status": null,
    "email": "namdilong@gmail.com",
    "is_church_admin": true,
    "is_volunteer": false,
    "is_member": false,
    "groups": [],
    "user_permissions": []
  }
},
{
  "model": "church.customuser",
  "pk": 21,
  "fields": {
    "password": "pbkdf2_sha256$1000000$fVV6mtM9fpSmT7SMXTNhp6$mYx8OULTliQK57+pitvPvRZxf/ad60dfGNcsGnwQlPM=",
    "last_login": "2025-05-27T10:56:45.108Z",
    "is_superuser": false,
    "first_name": "",
    "last_name": "",
    "is_staff": false,
    "is_active": true,
    "date_joined": "2025-05-26T09:37:03.191Z",
    "phone_number": null,
    "church": null,
    "sex": null,
    "marital_status": null,
    "email": "maobc@gmail.com",
    "is_church_admin": true,
    "is_volunteer": false,
    "is_member": false,
    "groups": [],
    "user_permissions": []
  }
},
{
  "model": "church.customuser",
  "pk": 22,
  "fields": {
    "password": "pbkdf2_sha256$1000000$sSCHz486zbgPFwzu5ccOit$TUZKPD9uAIyZfJS2LOeHyQ3dGyaXxErTlggPz4NUR5E=",
    "last_login": null,
    "is_superuser": false,
    "first_name": "Ngamraibou",
    "last_name": "Chawang",
    "is_staff": false,
    "is_active": true,
    "date_joined": "2025-06-14T17:27:57.637Z",
    "phone_number": "08729819409",
    "church": null,
    "sex": null,
    "marital_status": null,
    "email": "ngam.ch17@gmail.com",
    "is_church_admin": false,
    "is_volunteer": false,
    "is_member": true,
    "groups": [],
    "user_permissions": []
  }
},
{
  "model": "church.customuser",
  "pk": 23,
  "fields": {
    "password": "pbkdf2_sha256$1000000$nOzyBVVRcfQXFy4clirgbW$SomQ/eaSxT1iy5mLCx0l/s5/8SARsGFanzKyt/l/HJA=",
    "last_login": null,
    "is_superuser": false,
    "first_name": "Ngamraibou",
    "last_name": "Chawang",
    "is_staff": false,
    "is_active": true,
    "date_joined": "2025-06-14T17:34:18.315Z",
    "phone_number": "9872536721",
    "church": null,
    "sex": null,
    "marital_status": null,
    "email": "ngam.ch17@yahoo.com",
    "is_church_admin": false,
    "is_volunteer": false,
    "is_member": true,
    "groups": [],
    "user_permissions": []
  }
},
{
  "model": "church.customuser",
  "pk": 24,
  "fields": {
    "password": "pbkdf2_sha256$1000000$x7TQUHKcwy9l9HnvRN7p4Q$SJCU9pYAd4FPTCwJbRsua+5R2bLGOVB52MuDn+q00kg=",
    "last_login": null,
    "is_superuser": false,
    "first_name": "Ngamraibou",
    "last_name": "Chawang",
    "is_staff": false,
    "is_active": true,
    "date_joined": "2025-06-14T17:39:12.043Z",
    "phone_number": "9988007766",
    "church": null,
    "sex": null,
    "marital_status": null,
    "email": "ngamraibou@gmail.com",
    "is_church_admin": false,
    "is_volunteer": false,
    "is_member": true,
    "groups": [],
    "user_permissions": []
  }
},
{
  "model": "church.customuser",
  "pk": 25,
  "fields": {
    "password": "pbkdf2_sha256$1000000$cPb6hmfeIITgHi5TAM12W8$/Vxx7vxp3gwhtJ2evT588vCYuyuAlfdhUElO7C+V8+E=",
    "last_login": null,
    "is_superuser": false,
    "first_name": "Jalany",
    "last_name": "Chawang",
    "is_staff": false,
    "is_active": true,
    "date_joined": "2025-06-14T17:48:17.879Z",
    "phone_number": "9876543210",
    "church": null,
    "sex": null,
    "marital_status": null,
    "email": "Jaan@gmail.com",
    "is_church_admin": false,
    "is_volunteer": false,
    "is_member": true,
    "groups": [],
    "user_permissions": []
  }
},
{
  "model": "church.customuser",
  "pk": 26,
  "fields": {
    "password": "pbkdf2_sha256$1000000$ZzJNYR1N49q05CekRHGfqF$2j4plh1H3FWfo6msA9OpFNAik7AK8jMCZbWZVe17Pko=",
    "last_login": null,
    "is_superuser": false,
    "first_name": "Bonbon",
    "last_name": "chawang",
    "is_staff": false,
    "is_active": true,
    "date_joined": "2025-06-14T18:08:43.885Z",
    "phone_number": "1234567890",
    "church": null,
    "sex": null,
    "marital_status": null,
    "email": "bonbon@gmail.com",
    "is_church_admin": false,
    "is_volunteer": false,
    "is_member": true,
    "groups": [],
    "user_permissions": []
  }
},
{
  "model": "church.customuser",
  "pk": 27,
  "fields": {
    "password": "pbkdf2_sha256$1000000$OB2HYFuSiYWKmY1aNZxdId$SI404GbIKqddFR20dH1NO+5IdWr54s4h0gJvOZRDhiY=",
    "last_login": null,
    "is_superuser": false,
    "first_name": "Kamkam",
    "last_name": "Chawang",
    "is_staff": false,
    "is_active": true,
    "date_joined": "2025-06-15T05:53:29.380Z",
    "phone_number": "8798980199",
    "church": null,
    "sex": null,
    "marital_status": null,
    "email": "kamak@gmail.com",
    "is_church_admin": false,
    "is_volunteer": false,
    "is_member": true,
    "groups": [],
    "user_permissions": []
  }
},
{
  "model": "church.customuser",
  "pk": 28,
  "fields": {
    "password": "pbkdf2_sha256$1000000$DhoypONUS4hXniiBA8QWjH$DAzq3qXXKB02lHF9W/7A9t8k8LFcwEIUDHDkwMhNhEg=",
    "last_login": "2025-07-15T12:45:14.763Z",
    "is_superuser": false,
    "first_name": "Boison",
    "last_name": "Chawang",
    "is_staff": false,
    "is_active": true,
    "date_joined": "2025-06-15T06:58:50.246Z",
    "phone_number": "9877669809",
    "church": null,
    "sex": null,
    "marital_status": null,
    "email": "boisonchawang@gmail.com",
    "is_church_admin": false,
    "is_volunteer": false,
    "is_member": true,
    "groups": [],
    "user_permissions": []
  }
},
{
  "model": "church.customuser",
  "pk": 29,
  "fields": {
    "password": "pbkdf2_sha256$1000000$K5m9SasigPtxVmeDEZxgBD$RxYKp5PZKFooYYjA/Bk5oY+1adQ2lsf5jVtc/p8FbX4=",
    "last_login": "2025-06-20T04:51:15.442Z",
    "is_superuser": false,
    "first_name": "Solomon",
    "last_name": "King",
    "is_staff": false,
    "is_active": true,
    "date_joined": "2025-06-20T04:50:54.957Z",
    "phone_number": "7008976122",
    "church": null,
    "sex": null,
    "marital_status": null,
    "email": "solomonking@gmail.com",
    "is_church_admin": false,
    "is_volunteer": false,
    "is_member": true,
    "groups": [],
    "user_permissions": []
  }
},
{
  "model": "church.customuser",
  "pk": 30,
  "fields": {
    "password": "pbkdf2_sha256$1000000$2RK8jI75KVaW5QZd1FtZx1$O+e63ZAqxhKGCqQzy2bq8IdmJgg5OvYk3YxyRZ5pBFU=",
    "last_login": null,
    "is_superuser": false,
    "first_name": "Zenith",
    "last_name": "Smith",
    "is_staff": false,
    "is_active": true,
    "date_joined": "2025-07-06T17:16:15.532Z",
    "phone_number": "9089123456",
    "church": null,
    "sex": null,
    "marital_status": null,
    "email": "zenith@gmail.com",
    "is_church_admin": false,
    "is_volunteer": true,
    "is_member": false,
    "groups": [],
    "user_permissions": []
  }
},
{
  "model": "church.customuser",
  "pk": 31,
  "fields": {
    "password": "pbkdf2_sha256$1000000$OTSzEwc9rSZpyzN0lD1mRU$Bdp/q2nEqu+ecp2zqG1WXzWM7LjdNz+bB9SgIma2f4k=",
    "last_login": null,
    "is_superuser": false,
    "first_name": "Zenith",
    "last_name": "Smith",
    "is_staff": false,
    "is_active": true,
    "date_joined": "2025-07-06T17:38:16.562Z",
    "phone_number": "8989897766",
    "church": null,
    "sex": null,
    "marital_status": null,
    "email": "zenith@yahoo.com",
    "is_church_admin": false,
    "is_volunteer": true,
    "is_member": false,
    "groups": [],
    "user_permissions": []
  }
},
{
  "model": "church.customuser",
  "pk": 32,
  "fields": {
    "password": "pbkdf2_sha256$1000000$YsupjVDjRhSWDUcco6AZNg$LCvV8xoWwkmTojVFNcwwgt40oEvQ84fPpeL1cg7mimo=",
    "last_login": null,
    "is_superuser": false,
    "first_name": "Zenith",
    "last_name": "Smith",
    "is_staff": false,
    "is_active": true,
    "date_joined": "2025-07-11T02:45:05.664Z",
    "phone_number": "6007864307",
    "church": null,
    "sex": null,
    "marital_status": null,
    "email": "szenith@yahoo.com",
    "is_church_admin": false,
    "is_volunteer": true,
    "is_member": false,
    "groups": [],
    "user_permissions": []
  }
},
{
  "model": "church.customuser",
  "pk": 33,
  "fields": {
    "password": "pbkdf2_sha256$1000000$z1QLHxTuS4Z2vTHuO1W3bt$V8jgYw3emBrB2rSw5aZ2Oh5Hee9HRYZbDHWegKF12d8=",
    "last_login": null,
    "is_superuser": false,
    "first_name": "Zenith",
    "last_name": "Smith",
    "is_staff": false,
    "is_active": true,
    "date_joined": "2025-07-11T02:54:06.571Z",
    "phone_number": "9900123459",
    "church": null,
    "sex": null,
    "marital_status": null,
    "email": "zenithsmith@gmail.com",
    "is_church_admin": false,
    "is_volunteer": true,
    "is_member": false,
    "groups": [
      1
    ],
    "user_permissions": []
  }
},
{
  "model": "church.customuser",
  "pk": 34,
  "fields": {
    "password": "pbkdf2_sha256$1000000$e113V4ZfJLVZvz4YsXDhcU$2ZgmMYB+rHA6Se4JWpIn2b7OidxOgwg/iOmowR9W2OE=",
    "last_login": null,
    "is_superuser": false,
    "first_name": "Zenith",
    "last_name": "Smith",
    "is_staff": false,
    "is_active": true,
    "date_joined": "2025-07-11T03:06:00.281Z",
    "phone_number": "9900123451",
    "church": null,
    "sex": null,
    "marital_status": null,
    "email": "zenithsm@gmail.com",
    "is_church_admin": false,
    "is_volunteer": true,
    "is_member": false,
    "groups": [],
    "user_permissions": []
  }
},
{
  "model": "church.customuser",
  "pk": 35,
  "fields": {
    "password": "pbkdf2_sha256$1000000$tpgxNK8AXiSoZ4m15srtoy$/ItxGocCHToMCmDEq5pksXsMdFblQGlM6vq6j1/xb3M=",
    "last_login": "2025-07-15T10:37:10.522Z",
    "is_superuser": false,
    "first_name": "Zenith",
    "last_name": "Smith",
    "is_staff": false,
    "is_active": true,
    "date_joined": "2025-07-11T03:28:37.003Z",
    "phone_number": "9900123452",
    "church": 1,
    "sex": null,
    "marital_status": null,
    "email": "zeniths@gmail.com",
    "is_church_admin": false,
    "is_volunteer": true,
    "is_member": false,
    "groups": [],
    "user_permissions": []
  }
},
{
  "model": "church.customuser",
  "pk": 36,
  "fields": {
    "password": "pbkdf2_sha256$1000000$qz5owKbEfH7ZMStcSmwrTv$50MRdacAlT4Z4kalQ2B3DlZiHu2XZuoop6iOKL5Z5gI=",
    "last_login": "2025-07-12T06:27:38.628Z",
    "is_superuser": false,
    "first_name": "Boison",
    "last_name": "Chawang",
    "is_staff": false,
    "is_active": true,
    "date_joined": "2025-07-12T05:31:56.076Z",
    "phone_number": "8877990564",
    "church": 2,
    "sex": null,
    "marital_status": null,
    "email": "Boipu@gmail.com",
    "is_church_admin": false,
    "is_volunteer": true,
    "is_member": false,
    "groups": [],
    "user_permissions": []
  }
},
{
  "model": "church.customuser",
  "pk": 37,
  "fields": {
    "password": "pbkdf2_sha256$1000000$6uyNelCqrHlBexyyLKGeZ2$+P9x0cbGlUYLd9hKvp3e+XjHJEtJy2hq+5zSsFGXQXU=",
    "last_login": "2025-07-13T05:00:31.096Z",
    "is_superuser": false,
    "first_name": "Boison",
    "last_name": "Chawang",
    "is_staff": false,
    "is_active": true,
    "date_joined": "2025-07-12T06:30:16.739Z",
    "phone_number": "9890013520",
    "church": 2,
    "sex": null,
    "marital_status": null,
    "email": "Boison@gmail.com",
    "is_church_admin": false,
    "is_volunteer": true,
    "is_member": false,
    "groups": [],
    "user_permissions": []
  }
},
{
  "model": "church.customuser",
  "pk": 38,
  "fields": {
    "password": "pbkdf2_sha256$1000000$oV5Edt3pAecbkGEagRhKE2$GsztK3jIZk+S2I+1//Ui9Qw01ZTBX6FEuZeR7mkxvoU=",
    "last_login": null,
    "is_superuser": false,
    "first_name": "kungkung",
    "last_name": "Diri",
    "is_staff": false,
    "is_active": true,
    "date_joined": "2025-07-12T06:31:54.921Z",
    "phone_number": "7009808980",
    "church": 2,
    "sex": null,
    "marital_status": null,
    "email": "kungkung@yahoo.com",
    "is_church_admin": false,
    "is_volunteer": true,
    "is_member": false,
    "groups": [],
    "user_permissions": []
  }
},
{
  "model": "church.customuser",
  "pk": 39,
  "fields": {
    "password": "pbkdf2_sha256$1000000$JuboekHyy1nA1uPyQUsdhc$CT1EQTWwcEdC2THrggRDwwY6yapIklCbswPFz/OLp2A=",
    "last_login": "2025-07-12T07:38:42.599Z",
    "is_superuser": false,
    "first_name": "Matthew",
    "last_name": "Chawang",
    "is_staff": false,
    "is_active": true,
    "date_joined": "2025-07-12T07:38:13.107Z",
    "phone_number": "7879809653",
    "church": null,
    "sex": null,
    "marital_status": null,
    "email": "matthew@gmail.com",
    "is_church_admin": false,
    "is_volunteer": false,
    "is_member": true,
    "groups": [],
    "user_permissions": []
  }
},
{
  "model": "church.customuser",
  "pk": 40,
  "fields": {
    "password": "pbkdf2_sha256$1000000$Q30fqSPYwJ1IcDkmDS88VA$7csRQiB1lMyI3ATzED+xGjo5ThILcr+Ryq6xivkHwo8=",
    "last_login": "2025-07-13T12:17:35.486Z",
    "is_superuser": false,
    "first_name": "Jalany",
    "last_name": "Chawang",
    "is_staff": false,
    "is_active": true,
    "date_joined": "2025-07-13T12:17:06.109Z",
    "phone_number": "6009801599",
    "church": null,
    "sex": null,
    "marital_status": null,
    "email": "jalanychawang@gmail.com",
    "is_church_admin": false,
    "is_volunteer": false,
    "is_member": true,
    "groups": [],
    "user_permissions": []
  }
},
{
  "model": "church.customuser",
  "pk": 41,
  "fields": {
    "password": "pbkdf2_sha256$1000000$sqxfLdzOHsHyjHDNFCMfD6$iNBTOQkrW4CXbqyqSaJt5skBDAb8EYnkLJzO8wCm2F0=",
    "last_login": "2025-07-14T10:13:58.839Z",
    "is_superuser": false,
    "first_name": "",
    "last_name": "",
    "is_staff": false,
    "is_active": true,
    "date_joined": "2025-07-14T10:07:09.857Z",
    "phone_number": null,
    "church": null,
    "sex": null,
    "marital_status": null,
    "email": "demo@gmail.com",
    "is_church_admin": true,
    "is_volunteer": false,
    "is_member": false,
    "groups": [],
    "user_permissions": []
  }
},
{
  "model": "church.customuser",
  "pk": 42,
  "fields": {
    "password": "pbkdf2_sha256$1000000$NmDNSHcJRydSDzQ3aX3ITW$JoLpcCgJ04s7PJG1VrCouNleD+4hhiNRjIK1OhAD8+s=",
    "last_login": null,
    "is_superuser": false,
    "first_name": "",
    "last_name": "",
    "is_staff": false,
    "is_active": true,
    "date_joined": "2025-07-14T10:11:17.367Z",
    "phone_number": null,
    "church": null,
    "sex": null,
    "marital_status": null,
    "email": "demochurch@gmail.com",
    "is_church_admin": true,
    "is_volunteer": false,
    "is_member": false,
    "groups": [],
    "user_permissions": []
  }
},
{
  "model": "church.customuser",
  "pk": 43,
  "fields": {
    "password": "pbkdf2_sha256$1000000$p1GFvIhkKZjsoDAGbP6y94$F3LCjRLkfP/GrD20h45S62n1lxLco8NfpefZrnya5fY=",
    "last_login": null,
    "is_superuser": false,
    "first_name": "",
    "last_name": "",
    "is_staff": false,
    "is_active": true,
    "date_joined": "2025-07-14T10:23:06.367Z",
    "phone_number": null,
    "church": null,
    "sex": null,
    "marital_status": null,
    "email": "demobaptist@gmail.com",
    "is_church_admin": true,
    "is_volunteer": false,
    "is_member": false,
    "groups": [],
    "user_permissions": []
  }
},
{
  "model": "church.customuser",
  "pk": 44,
  "fields": {
    "password": "pbkdf2_sha256$1000000$PpsoW9HIQ8n6NCLYcbXlEc$uAxp1AGk+rIXcQHMd30wy/9S/T4GO4q+66d2qd/FXEs=",
    "last_login": null,
    "is_superuser": false,
    "first_name": "",
    "last_name": "",
    "is_staff": false,
    "is_active": true,
    "date_joined": "2025-07-14T10:31:10.242Z",
    "phone_number": null,
    "church": null,
    "sex": null,
    "marital_status": null,
    "email": "manipurchurch@gmail.com",
    "is_church_admin": true,
    "is_volunteer": false,
    "is_member": false,
    "groups": [],
    "user_permissions": []
  }
},
{
  "model": "church.customuser",
  "pk": 45,
  "fields": {
    "password": "pbkdf2_sha256$1000000$HsPaK02kJEhZKeFk3DWo4e$DjLlpfH4rCKSi7qkjxDqJoLvHznh26GqjAvFCpgAerU=",
    "last_login": null,
    "is_superuser": false,
    "first_name": "",
    "last_name": "",
    "is_staff": false,
    "is_active": true,
    "date_joined": "2025-07-14T10:44:44.617Z",
    "phone_number": null,
    "church": null,
    "sex": null,
    "marital_status": null,
    "email": "demo1@gmail.com",
    "is_church_admin": true,
    "is_volunteer": false,
    "is_member": false,
    "groups": [],
    "user_permissions": []
  }
},
{
  "model": "church.customuser",
  "pk": 46,
  "fields": {
    "password": "pbkdf2_sha256$1000000$IO1duWcllLfGCD8jua8DlS$9b+tROnDy4cZymYaNBpL+5XEKGPBe5nKrivsyxSwxyA=",
    "last_login": null,
    "is_superuser": false,
    "first_name": "",
    "last_name": "",
    "is_staff": false,
    "is_active": true,
    "date_joined": "2025-07-14T11:00:38.778Z",
    "phone_number": null,
    "church": null,
    "sex": null,
    "marital_status": null,
    "email": "demo1church@gmail.com",
    "is_church_admin": true,
    "is_volunteer": false,
    "is_member": false,
    "groups": [],
    "user_permissions": []
  }
},
{
  "model": "church.customuser",
  "pk": 47,
  "fields": {
    "password": "pbkdf2_sha256$1000000$mXzD7vpdWBV0NEzEwOdIzg$ULXbXyex/FlKXGktd55bTBRSAzvb7jfUi1duospCIxQ=",
    "last_login": "2025-07-14T14:15:19.175Z",
    "is_superuser": false,
    "first_name": "",
    "last_name": "",
    "is_staff": false,
    "is_active": true,
    "date_joined": "2025-07-14T14:14:51.311Z",
    "phone_number": null,
    "church": null,
    "sex": null,
    "marital_status": null,
    "email": "demochurch1@gmail.com",
    "is_church_admin": true,
    "is_volunteer": false,
    "is_member": false,
    "groups": [],
    "user_permissions": []
  }
},
{
  "model": "church.customuser",
  "pk": 48,
  "fields": {
    "password": "pbkdf2_sha256$1000000$zrrholGr8iAXYpsr7B29gM$V98+PS6ADnb3z0mwAnyNEGBoskTbkHGwfpsAekPzI7M=",
    "last_login": "2025-07-14T15:22:46.753Z",
    "is_superuser": false,
    "first_name": "",
    "last_name": "",
    "is_staff": false,
    "is_active": true,
    "date_joined": "2025-07-14T14:31:44.654Z",
    "phone_number": null,
    "church": null,
    "sex": null,
    "marital_status": null,
    "email": "demobaptist2@gmail.com",
    "is_church_admin": true,
    "is_volunteer": false,
    "is_member": false,
    "groups": [],
    "user_permissions": []
  }
},
{
  "model": "church.customuser",
  "pk": 49,
  "fields": {
    "password": "pbkdf2_sha256$1000000$FwXO3CZ0wrKnoAjC9GaBmd$HCiC0R1onjAlafCw1wVUqenrcCB1MLBkiojkIhRrznk=",
    "last_login": "2025-07-14T16:49:11.974Z",
    "is_superuser": false,
    "first_name": "Bonbon",
    "last_name": "Chawang",
    "is_staff": false,
    "is_active": true,
    "date_joined": "2025-07-14T16:48:54.870Z",
    "phone_number": "08729819405",
    "church": null,
    "sex": null,
    "marital_status": null,
    "email": "bonbon1@gmail.com",
    "is_church_admin": false,
    "is_volunteer": false,
    "is_member": true,
    "groups": [],
    "user_permissions": []
  }
},
{
  "model": "church.church",
  "pk": 1,
  "fields": {
    "admin": 17,
    "church_name": "Makui Baptist Church",
    "church_address": "Makui Naga",
    "phone_number": "08798008020",
    "email_address": "makuibc@gmail.com",
    "district": "Kpi",
    "state": "MANIPUR",
    "postal_code": "795112",
    "country": "India",
    "profile_picture": "church_profiles/OneShotShoe.jpg",
    "upi_id": "ngamraibouchawang@oksbi",
    "qr_code": "church_qrcodes/my_real_qr.jpg",
    "is_suspended": false,
    "date_registered": "2025-05-22T15:45:40.589Z"
  }
},
{
  "model": "church.church",
  "pk": 2,
  "fields": {
    "admin": 18,
    "church_name": "LBCC",
    "church_address": "Lower Mkahan",
    "phone_number": "08798008018",
    "email_address": "lbccbc@gmail.com",
    "district": "Imphal West",
    "state": "MANIPUR",
    "postal_code": "795136",
    "country": "India",
    "profile_picture": "church_profiles/ChatGPT_Image_Jul_13_2025_02_23_03_PM.png",
    "upi_id": null,
    "qr_code": "",
    "is_suspended": false,
    "date_registered": "2025-05-22T16:05:32.381Z"
  }
},
{
  "model": "church.church",
  "pk": 3,
  "fields": {
    "admin": 19,
    "church_name": "Thebram Baptist Church",
    "church_address": "Thebram",
    "phone_number": "09887763811",
    "email_address": "thebram@gmail.com",
    "district": "Kpi",
    "state": "Manipur",
    "postal_code": "795112",
    "country": "India",
    "profile_picture": "",
    "upi_id": null,
    "qr_code": "",
    "is_suspended": false,
    "date_registered": "2025-05-23T15:25:25.641Z"
  }
},
{
  "model": "church.church",
  "pk": 4,
  "fields": {
    "admin": 20,
    "church_name": "Namdilong bb",
    "church_address": "Namdilong",
    "phone_number": "08900087451",
    "email_address": "namdilong@gmail.com",
    "district": "Imphal West",
    "state": "Manipur",
    "postal_code": "795112",
    "country": "India",
    "profile_picture": "",
    "upi_id": null,
    "qr_code": "",
    "is_suspended": false,
    "date_registered": "2025-05-24T05:21:59.518Z"
  }
},
{
  "model": "church.church",
  "pk": 5,
  "fields": {
    "admin": 21,
    "church_name": "Mao Center Church",
    "church_address": "Mao",
    "phone_number": "09900711230",
    "email_address": "maobc@gmail.com",
    "district": "Senapati",
    "state": "Manipur",
    "postal_code": "795114",
    "country": "India",
    "profile_picture": "",
    "upi_id": null,
    "qr_code": "",
    "is_suspended": false,
    "date_registered": "2025-05-26T09:37:04.110Z"
  }
},
{
  "model": "church.church",
  "pk": 12,
  "fields": {
    "admin": 47,
    "church_name": "Demo Church",
    "church_address": "Kanglatongbi,  Makhan Road",
    "phone_number": "08729819401",
    "email_address": "demochurch1@gmail.com",
    "district": "Imphal west",
    "state": "Manipur",
    "postal_code": "795136",
    "country": "India",
    "profile_picture": "",
    "upi_id": null,
    "qr_code": "",
    "is_suspended": false,
    "date_registered": "2025-07-14T14:14:52.183Z"
  }
},
{
  "model": "church.church",
  "pk": 13,
  "fields": {
    "admin": 48,
    "church_name": "Demo Church 2",
    "church_address": "Kpi",
    "phone_number": "08729819404",
    "email_address": "demobaptist2@gmail.com",
    "district": "Kpi",
    "state": "Manipur",
    "postal_code": "795112",
    "country": "India",
    "profile_picture": "",
    "upi_id": null,
    "qr_code": "",
    "is_suspended": false,
    "date_registered": "2025-07-14T14:31:45.567Z"
  }
},
{
  "model": "church.churchadminprofile",
  "pk": 1,
  "fields": {
    "user": 17,
    "full_name": "Makui Baptist Chuch",
    "profile_picture": "",
    "church": 1
  }
},
{
  "model": "church.churchadminprofile",
  "pk": 2,
  "fields": {
    "user": 18,
    "full_name": "LBCC",
    "profile_picture": "",
    "church": 2
  }
},
{
  "model": "church.churchadminprofile",
  "pk": 3,
  "fields": {
    "user": 19,
    "full_name": "Thebram Baptist Church",
    "profile_picture": "",
    "church": 3
  }
},
{
  "model": "church.churchadminprofile",
  "pk": 4,
  "fields": {
    "user": 20,
    "full_name": "Namdilong bb",
    "profile_picture": "",
    "church": 4
  }
},
{
  "model": "church.churchadminprofile",
  "pk": 5,
  "fields": {
    "user": 21,
    "full_name": "Mao Center Church",
    "profile_picture": "",
    "church": 5
  }
},
{
  "model": "church.churchadminprofile",
  "pk": 12,
  "fields": {
    "user": 47,
    "full_name": " ",
    "profile_picture": "",
    "church": 12
  }
},
{
  "model": "church.churchadminprofile",
  "pk": 13,
  "fields": {
    "user": 48,
    "full_name": " ",
    "profile_picture": "",
    "church": 13
  }
},
{
  "model": "church.membercategory",
  "pk": 1,
  "fields": {
    "name": "Men Society",
    "description": "Men Society for Makui Baptist Church",
    "church": 1
  }
},
{
  "model": "church.membercategory",
  "pk": 2,
  "fields": {
    "name": "Women Society",
    "description": "Women Society for Makui Baptist Church",
    "church": 1
  }
},
{
  "model": "church.membercategory",
  "pk": 3,
  "fields": {
    "name": "Youth Society",
    "description": "Youth Society for Makui Baptist Church",
    "church": 1
  }
},
{
  "model": "church.membercategory",
  "pk": 4,
  "fields": {
    "name": "Youth Society",
    "description": "Youth Society for LBCC",
    "church": 2
  }
},
{
  "model": "church.membercategory",
  "pk": 5,
  "fields": {
    "name": "Women Society",
    "description": "Women Society for LBCC",
    "church": 2
  }
},
{
  "model": "church.member",
  "pk": 2,
  "fields": {
    "user": 24,
    "church": 1,
    "sex": "Male",
    "marital_status": "Married",
    "date_of_birth": "1989-02-03",
    "first_name": "Ngamraibou",
    "last_name": "Chawang",
    "phone_number": "9988007766",
    "address": "H.no. 87 Makui Naga",
    "profile_picture": "",
    "category": 1
  }
},
{
  "model": "church.member",
  "pk": 3,
  "fields": {
    "user": 25,
    "church": 1,
    "sex": "Female",
    "marital_status": "Married",
    "date_of_birth": "1995-02-20",
    "first_name": "Jalany",
    "last_name": "Chawang",
    "phone_number": "9876543210",
    "address": "H.no. 87 Makui Naga",
    "profile_picture": "",
    "category": 2
  }
},
{
  "model": "church.member",
  "pk": 4,
  "fields": {
    "user": 26,
    "church": 1,
    "sex": "Female",
    "marital_status": "Single",
    "date_of_birth": "2001-11-22",
    "first_name": "Bonbon",
    "last_name": "chawang",
    "phone_number": "1234567890",
    "address": "Makhan",
    "profile_picture": "",
    "category": 3
  }
},
{
  "model": "church.member",
  "pk": 5,
  "fields": {
    "user": 27,
    "church": 1,
    "sex": "Male",
    "marital_status": "Single",
    "date_of_birth": "2022-12-09",
    "first_name": "Kamkam",
    "last_name": "Chawang",
    "phone_number": "8798980199",
    "address": "Makhan Road",
    "profile_picture": "",
    "category": 3
  }
},
{
  "model": "church.member",
  "pk": 6,
  "fields": {
    "user": 28,
    "church": 1,
    "sex": "Male",
    "marital_status": "Single",
    "date_of_birth": "2021-04-12",
    "first_name": "Boison",
    "last_name": "Chawang",
    "phone_number": "9877669809",
    "address": "Kanglatongbi, near Green Tree Academy, Makhan Road",
    "profile_picture": "profile_pics/Boison.jpg",
    "category": 3
  }
},
{
  "model": "church.member",
  "pk": 8,
  "fields": {
    "user": 39,
    "church": 2,
    "sex": "Male",
    "marital_status": "Single",
    "date_of_birth": "1988-02-02",
    "first_name": "Matthew",
    "last_name": "Chawang",
    "phone_number": "7879809653",
    "address": "Kanglatongbi, Lower Makhan, Impphal west, 795135",
    "profile_picture": "profile_pics/MADAN.jpg",
    "category": 4
  }
},
{
  "model": "church.member",
  "pk": 9,
  "fields": {
    "user": 40,
    "church": 2,
    "sex": "Female",
    "marital_status": "Married",
    "date_of_birth": "1995-02-20",
    "first_name": "Jalany",
    "last_name": "Chawang",
    "phone_number": "6009801599",
    "address": "Lower Mkahan",
    "profile_picture": "profile_pics/Screenshot_2025-04-21_180911.png",
    "category": 5
  }
},
{
  "model": "church.member",
  "pk": 10,
  "fields": {
    "user": 49,
    "church": 1,
    "sex": "Female",
    "marital_status": "Single",
    "date_of_birth": "1998-12-11",
    "first_name": "Bonbon",
    "last_name": "Chawang",
    "phone_number": "08729819405",
    "address": "Kanglatongbi, near Green Tree Academy, Makhan Road",
    "profile_picture": "",
    "category": 3
  }
},
{
  "model": "church.volunteer",
  "pk": 1,
  "fields": {
    "user": 35,
    "church": 1,
    "can_manage_members": true,
    "can_manage_streams": true,
    "can_manage_chats": true,
    "can_manage_announcements": true
  }
},
{
  "model": "church.volunteer",
  "pk": 3,
  "fields": {
    "user": 37,
    "church": 2,
    "can_manage_members": true,
    "can_manage_streams": true,
    "can_manage_chats": true,
    "can_manage_announcements": true
  }
},
{
  "model": "church.volunteer",
  "pk": 4,
  "fields": {
    "user": 38,
    "church": 2,
    "can_manage_members": true,
    "can_manage_streams": true,
    "can_manage_chats": true,
    "can_manage_announcements": true
  }
},
{
  "model": "church.event",
  "pk": 7,
  "fields": {
    "church": 1,
    "title": "Society Meeting",
    "description": "It is to inform to all the church leaders to attend the meeting without fail",
    "location": "LBCC, Kanglatongbi",
    "start_datetime": "2025-07-07T05:50:00Z",
    "end_datetime": "2025-07-06T18:50:00Z",
    "created_at": "2025-06-14T04:40:18.438Z",
    "updated_at": "2025-07-05T15:02:25.985Z",
    "is_public": true
  }
},
{
  "model": "church.event",
  "pk": 8,
  "fields": {
    "church": 1,
    "title": "Audit",
    "description": "Half Yearly Audit",
    "location": "Lower Makhan",
    "start_datetime": "2025-07-14T04:33:00Z",
    "end_datetime": "2025-07-15T04:34:00Z",
    "created_at": "2025-07-11T04:34:27.767Z",
    "updated_at": "2025-07-11T04:34:27.767Z",
    "is_public": true
  }
},
{
  "model": "church.event",
  "pk": 9,
  "fields": {
    "church": 2,
    "title": "Church Sports Meet",
    "description": "Church gu annual Sports meet hai ga mathiu wang ngou khai ra sikhai ye",
    "location": "Lower Makhan",
    "start_datetime": "2025-10-13T18:33:00Z",
    "end_datetime": "2025-10-16T10:30:00Z",
    "created_at": "2025-07-12T06:34:55.240Z",
    "updated_at": "2025-07-12T06:34:55.240Z",
    "is_public": true
  }
},
{
  "model": "church.notification",
  "pk": 3,
  "fields": {
    "user": 17,
    "church": 1,
    "event": 7,
    "message": "The event 'Society Meeting' will start at 05:50 AM.",
    "created_at": "2025-06-14T04:50:33.327Z",
    "is_read": true
  }
},
{
  "model": "church.announcement",
  "pk": 16,
  "fields": {
    "church": 1,
    "title": "Emergency Meeting Call",
    "content": "Date 20 July nai church gu emergency meeting bam siniu mathiu wang kam ra pisikhai ye.",
    "created_by": 35,
    "event": null,
    "user": null,
    "is_public": true,
    "is_read": false,
    "created_at": "2025-07-12T05:15:16.661Z"
  }
},
{
  "model": "church.announcement",
  "pk": 17,
  "fields": {
    "church": 2,
    "title": "Social work",
    "content": "Coming saturday nai church gu social work bam ne , mamber hina wang ngou khai ra sikhai ye.",
    "created_by": 18,
    "event": null,
    "user": null,
    "is_public": true,
    "is_read": false,
    "created_at": "2025-07-12T06:37:33.313Z"
  }
},
{
  "model": "church.livestream",
  "pk": 7,
  "fields": {
    "church": 1,
    "title": "Prayer day",
    "video_url": "https://studio.youtube.com/channel/UCWnMlg8dBTUgXUDACnFVa9g",
    "description": "Women Society Prayer Day",
    "start_time": "2025-06-18T07:37:27Z",
    "end_time": "2025-06-18T09:30:00Z",
    "date": "2025-06-18T07:37:27Z",
    "is_active": true,
    "created_at": "2025-06-16T07:39:54.231Z",
    "updated_at": "2025-06-16T12:15:04.664Z"
  }
},
{
  "model": "church.livestream",
  "pk": 8,
  "fields": {
    "church": 1,
    "title": "Test Stream",
    "video_url": "https://www.youtube.com/embed/dQw4w9WgXcQ",
    "description": "Test stream for chat",
    "start_time": "2025-06-17T09:35:34.528Z",
    "end_time": "2025-06-17T10:35:34.528Z",
    "date": "2025-06-17T09:35:34.530Z",
    "is_active": true,
    "created_at": "2025-06-17T09:35:34.626Z",
    "updated_at": "2025-06-17T09:35:34.626Z"
  }
},
{
  "model": "church.livestream",
  "pk": 9,
  "fields": {
    "church": 1,
    "title": "Test Stream",
    "video_url": "https://www.youtube.com/embed/dQw4w9WgXcQ",
    "description": "Test stream for chat",
    "start_time": "2025-06-17T09:37:26.339Z",
    "end_time": "2025-06-17T10:37:26.339Z",
    "date": "2025-06-17T09:37:26.339Z",
    "is_active": true,
    "created_at": "2025-06-17T09:37:26.339Z",
    "updated_at": "2025-06-17T09:37:26.339Z"
  }
},
{
  "model": "church.livestream",
  "pk": 10,
  "fields": {
    "church": 1,
    "title": "Conference",
    "video_url": "https://studio.youtube.com/channel/UCWnMlg8dBTUgXUDACnFVa9g",
    "description": "men's 2025 conference",
    "start_time": "2025-06-22T07:06:55Z",
    "end_time": null,
    "date": "2025-06-22T05:06:55Z",
    "is_active": true,
    "created_at": "2025-06-21T03:08:42.274Z",
    "updated_at": "2025-06-21T03:08:42.274Z"
  }
},
{
  "model": "church.livestream",
  "pk": 11,
  "fields": {
    "church": 1,
    "title": "Men's Day",
    "video_url": "https://studio.youtube.com/channel/UCWnMlg8dBTUgXUDACnFVa9g",
    "description": "view all",
    "start_time": "2025-07-06T18:03:42Z",
    "end_time": null,
    "date": "2025-07-06T16:03:42Z",
    "is_active": true,
    "created_at": "2025-07-05T16:05:39.241Z",
    "updated_at": "2025-07-05T16:05:39.241Z"
  }
},
{
  "model": "church.livestream",
  "pk": 12,
  "fields": {
    "church": 1,
    "title": "Men's Day",
    "video_url": "https://studio.youtube.com/channel/UCWnMlg8dBTUgXUDACnFVa9g",
    "description": "Only Sermon",
    "start_time": "2025-07-12T04:39:35Z",
    "end_time": "2025-07-12T06:30:00Z",
    "date": "2025-07-12T04:39:35Z",
    "is_active": true,
    "created_at": "2025-07-11T04:51:50.155Z",
    "updated_at": "2025-07-11T05:00:47.402Z"
  }
},
{
  "model": "church.livestream",
  "pk": 14,
  "fields": {
    "church": 1,
    "title": "Sports meet",
    "video_url": "https://studio.youtube.com/channel/UCWnMlg8dBTUgXUDACnFVa9g",
    "description": "Church Sports Meet",
    "start_time": "2025-07-14T04:37:17Z",
    "end_time": "2025-07-15T22:30:00Z",
    "date": "2025-07-14T04:37:17Z",
    "is_active": true,
    "created_at": "2025-07-13T04:39:38.618Z",
    "updated_at": "2025-07-13T04:39:38.618Z"
  }
},
{
  "model": "church.livestream",
  "pk": 17,
  "fields": {
    "church": 1,
    "title": "Men's Day",
    "video_url": "https://studio.youtube.com/channel/UCWnMlg8dBTUgXUDACnFVa9g",
    "description": "come one come all",
    "start_time": "2025-07-13T05:06:14Z",
    "end_time": "2025-07-15T22:30:00Z",
    "date": "2025-07-13T05:06:14Z",
    "is_active": true,
    "created_at": "2025-07-13T05:06:33.684Z",
    "updated_at": "2025-07-13T05:06:33.684Z"
  }
},
{
  "model": "church.livestream",
  "pk": 19,
  "fields": {
    "church": 2,
    "title": "Creation",
    "video_url": "https://studio.youtube.com/channel/UCWnMlg8dBTUgXUDACnFVa9g",
    "description": "stayLive",
    "start_time": "2025-07-14T06:54:28Z",
    "end_time": "2025-07-15T22:30:00Z",
    "date": "2025-07-14T06:54:28Z",
    "is_active": true,
    "created_at": "2025-07-13T06:54:57.190Z",
    "updated_at": "2025-07-13T06:54:57.190Z"
  }
},
{
  "model": "church.chatroom",
  "pk": 6,
  "fields": {
    "name": "Church Sports Meet",
    "church": 1,
    "livestream": 14
  }
},
{
  "model": "church.chatroom",
  "pk": 8,
  "fields": {
    "name": "golive",
    "church": 1,
    "livestream": 17
  }
},
{
  "model": "church.stewardshiprecord",
  "pk": 1,
  "fields": {
    "church": 1,
    "transaction_type": "IN",
    "category": "sunday_income",
    "amount": "47000.00",
    "description": "Sunday Moring Income",
    "date": "2025-05-24",
    "created_at": "2025-05-24T04:18:12.787Z",
    "is_trashed": false,
    "trashed_at": null
  }
},
{
  "model": "church.stewardshiprecord",
  "pk": 3,
  "fields": {
    "church": 2,
    "transaction_type": "IN",
    "category": "tithe",
    "amount": "60000.00",
    "description": "Sunday Morning Oncome",
    "date": "2025-05-26",
    "created_at": "2025-05-26T06:33:17.993Z",
    "is_trashed": false,
    "trashed_at": null
  }
},
{
  "model": "church.stewardshiprecord",
  "pk": 4,
  "fields": {
    "church": 2,
    "transaction_type": "EX",
    "category": "staff",
    "amount": "45000.00",
    "description": "Staff Salary and Alllowance",
    "date": "2025-05-26",
    "created_at": "2025-05-26T06:34:03.845Z",
    "is_trashed": false,
    "trashed_at": null
  }
},
{
  "model": "church.stewardshiprecord",
  "pk": 5,
  "fields": {
    "church": 5,
    "transaction_type": "IN",
    "category": "staff",
    "amount": "45000.00",
    "description": "Staff Salary & Allowance",
    "date": "2025-05-27",
    "created_at": "2025-05-27T10:54:23.506Z",
    "is_trashed": false,
    "trashed_at": null
  }
},
{
  "model": "church.stewardshiprecord",
  "pk": 6,
  "fields": {
    "church": 5,
    "transaction_type": "EX",
    "category": "travel",
    "amount": "35000.00",
    "description": "",
    "date": "2025-05-27",
    "created_at": "2025-05-27T10:54:58.690Z",
    "is_trashed": false,
    "trashed_at": null
  }
},
{
  "model": "church.stewardshiprecord",
  "pk": 7,
  "fields": {
    "church": 5,
    "transaction_type": "IN",
    "category": "donation",
    "amount": "5000.00",
    "description": "Donated by Ngamrai",
    "date": "2025-05-27",
    "created_at": "2025-05-27T11:31:59.232Z",
    "is_trashed": false,
    "trashed_at": null
  }
},
{
  "model": "church.stewardshiprecord",
  "pk": 8,
  "fields": {
    "church": 5,
    "transaction_type": "EX",
    "category": "stationery",
    "amount": "10000.00",
    "description": "",
    "date": "2025-05-27",
    "created_at": "2025-05-27T11:32:27.568Z",
    "is_trashed": false,
    "trashed_at": null
  }
},
{
  "model": "church.stewardshiprecord",
  "pk": 9,
  "fields": {
    "church": 5,
    "transaction_type": "IN",
    "category": "tithe",
    "amount": "72000.00",
    "description": "Sunday Morning Income",
    "date": "2025-05-27",
    "created_at": "2025-05-27T11:47:46.109Z",
    "is_trashed": false,
    "trashed_at": null
  }
},
{
  "model": "church.stewardshiprecord",
  "pk": 14,
  "fields": {
    "church": 1,
    "transaction_type": "EX",
    "category": "stationery",
    "amount": "1000.00",
    "description": "Stationary items",
    "date": "2025-05-28",
    "created_at": "2025-05-28T02:56:14.655Z",
    "is_trashed": false,
    "trashed_at": null
  }
},
{
  "model": "church.stewardshiprecord",
  "pk": 22,
  "fields": {
    "church": 1,
    "transaction_type": "IN",
    "category": "donation",
    "amount": "50000.00",
    "description": "Donated by Ngamrai",
    "date": "2025-06-05",
    "created_at": "2025-06-05T17:52:19.186Z",
    "is_trashed": false,
    "trashed_at": null
  }
},
{
  "model": "church.stewardshiprecord",
  "pk": 29,
  "fields": {
    "church": 2,
    "transaction_type": "IN",
    "category": "donation",
    "amount": "1000.00",
    "description": "",
    "date": "2025-06-05",
    "created_at": "2025-06-05T18:41:09.853Z",
    "is_trashed": false,
    "trashed_at": null
  }
},
{
  "model": "church.stewardshiprecord",
  "pk": 33,
  "fields": {
    "church": 1,
    "transaction_type": "IN",
    "category": "sunday_income",
    "amount": "59000.00",
    "description": "Sunday morning Income",
    "date": "2025-06-06",
    "created_at": "2025-06-06T09:46:48.921Z",
    "is_trashed": false,
    "trashed_at": null
  }
},
{
  "model": "church.stewardshiprecord",
  "pk": 34,
  "fields": {
    "church": 1,
    "transaction_type": "EX",
    "category": "facilities",
    "amount": "16000.00",
    "description": "",
    "date": "2025-06-06",
    "created_at": "2025-06-06T09:47:36.518Z",
    "is_trashed": false,
    "trashed_at": null
  }
},
{
  "model": "church.stewardshiprecord",
  "pk": 36,
  "fields": {
    "church": 1,
    "transaction_type": "EX",
    "category": "charity",
    "amount": "5500.00",
    "description": "",
    "date": "2025-06-06",
    "created_at": "2025-06-06T10:00:42.047Z",
    "is_trashed": false,
    "trashed_at": null
  }
},
{
  "model": "church.stewardshiprecord",
  "pk": 37,
  "fields": {
    "church": 1,
    "transaction_type": "EX",
    "category": "stationery",
    "amount": "2000.00",
    "description": "",
    "date": "2025-06-06",
    "created_at": "2025-06-06T10:02:55.251Z",
    "is_trashed": false,
    "trashed_at": null
  }
},
{
  "model": "church.stewardshiprecord",
  "pk": 38,
  "fields": {
    "church": 1,
    "transaction_type": "EX",
    "category": "stationery",
    "amount": "2000.00",
    "description": "",
    "date": "2025-06-06",
    "created_at": "2025-06-06T10:05:24.003Z",
    "is_trashed": false,
    "trashed_at": null
  }
},
{
  "model": "church.stewardshiprecord",
  "pk": 39,
  "fields": {
    "church": 1,
    "transaction_type": "IN",
    "category": "donation",
    "amount": "2000.00",
    "description": "",
    "date": "2025-06-06",
    "created_at": "2025-06-06T10:06:12.979Z",
    "is_trashed": true,
    "trashed_at": "2025-06-06T18:00:20.043Z"
  }
},
{
  "model": "church.stewardshiprecord",
  "pk": 40,
  "fields": {
    "church": 1,
    "transaction_type": "IN",
    "category": "sunday_income",
    "amount": "47000.00",
    "description": "Sunday Morning Income",
    "date": "2025-06-06",
    "created_at": "2025-06-06T11:39:09.388Z",
    "is_trashed": false,
    "trashed_at": null
  }
},
{
  "model": "church.stewardshiprecord",
  "pk": 41,
  "fields": {
    "church": 1,
    "transaction_type": "IN",
    "category": "sunday_income",
    "amount": "56000.00",
    "description": "SMI",
    "date": "2025-06-06",
    "created_at": "2025-06-06T11:39:27.496Z",
    "is_trashed": false,
    "trashed_at": null
  }
},
{
  "model": "church.stewardshiprecord",
  "pk": 42,
  "fields": {
    "church": 1,
    "transaction_type": "EX",
    "category": "charity",
    "amount": "5000.00",
    "description": "CF",
    "date": "2025-06-06",
    "created_at": "2025-06-06T11:39:43.517Z",
    "is_trashed": false,
    "trashed_at": null
  }
},
{
  "model": "church.stewardshiprecord",
  "pk": 43,
  "fields": {
    "church": 1,
    "transaction_type": "EX",
    "category": "mission_support",
    "amount": "10000.00",
    "description": "MS",
    "date": "2025-06-06",
    "created_at": "2025-06-06T11:40:03.330Z",
    "is_trashed": false,
    "trashed_at": null
  }
},
{
  "model": "church.stewardshiprecord",
  "pk": 44,
  "fields": {
    "church": 1,
    "transaction_type": "EX",
    "category": "misc",
    "amount": "5000.00",
    "description": "Misc.",
    "date": "2025-06-06",
    "created_at": "2025-06-06T11:40:23.236Z",
    "is_trashed": false,
    "trashed_at": null
  }
},
{
  "model": "church.stewardshiprecord",
  "pk": 45,
  "fields": {
    "church": 1,
    "transaction_type": "EX",
    "category": "stationery",
    "amount": "2000.00",
    "description": "St",
    "date": "2025-06-06",
    "created_at": "2025-06-06T11:40:44.130Z",
    "is_trashed": false,
    "trashed_at": null
  }
},
{
  "model": "church.stewardshiprecord",
  "pk": 46,
  "fields": {
    "church": 1,
    "transaction_type": "IN",
    "category": "rental_income",
    "amount": "2000.00",
    "description": "",
    "date": "2025-06-06",
    "created_at": "2025-06-06T11:41:30.346Z",
    "is_trashed": false,
    "trashed_at": null
  }
},
{
  "model": "church.stewardshiprecord",
  "pk": 47,
  "fields": {
    "church": 1,
    "transaction_type": "IN",
    "category": "donation",
    "amount": "10000.00",
    "description": "",
    "date": "2025-06-06",
    "created_at": "2025-06-06T11:41:43.219Z",
    "is_trashed": false,
    "trashed_at": null
  }
},
{
  "model": "church.stewardshiprecord",
  "pk": 48,
  "fields": {
    "church": 1,
    "transaction_type": "EX",
    "category": "admin",
    "amount": "7000.00",
    "description": "",
    "date": "2025-06-06",
    "created_at": "2025-06-06T11:42:00.974Z",
    "is_trashed": false,
    "trashed_at": null
  }
},
{
  "model": "church.stewardshiprecord",
  "pk": 50,
  "fields": {
    "church": 1,
    "transaction_type": "EX",
    "category": "travel",
    "amount": "25000.00",
    "description": "",
    "date": "2025-06-06",
    "created_at": "2025-06-06T11:42:32.163Z",
    "is_trashed": false,
    "trashed_at": null
  }
},
{
  "model": "church.stewardshiprecord",
  "pk": 51,
  "fields": {
    "church": 1,
    "transaction_type": "IN",
    "category": "thanksgiving",
    "amount": "3000.00",
    "description": "",
    "date": "2025-06-06",
    "created_at": "2025-06-06T11:43:26.942Z",
    "is_trashed": false,
    "trashed_at": null
  }
},
{
  "model": "church.stewardshiprecord",
  "pk": 52,
  "fields": {
    "church": 1,
    "transaction_type": "EX",
    "category": "mission_support",
    "amount": "15000.00",
    "description": "",
    "date": "2025-06-06",
    "created_at": "2025-06-06T11:43:38.895Z",
    "is_trashed": false,
    "trashed_at": null
  }
},
{
  "model": "church.stewardshiprecord",
  "pk": 53,
  "fields": {
    "church": 1,
    "transaction_type": "EX",
    "category": "stationery",
    "amount": "1000.00",
    "description": "",
    "date": "2025-06-06",
    "created_at": "2025-06-06T11:43:58.514Z",
    "is_trashed": false,
    "trashed_at": null
  }
},
{
  "model": "church.stewardshiprecord",
  "pk": 54,
  "fields": {
    "church": 1,
    "transaction_type": "IN",
    "category": "rental_income",
    "amount": "10500.00",
    "description": "RI",
    "date": "2025-06-06",
    "created_at": "2025-06-06T16:29:29.373Z",
    "is_trashed": false,
    "trashed_at": null
  }
},
{
  "model": "church.stewardshiprecord",
  "pk": 55,
  "fields": {
    "church": 1,
    "transaction_type": "IN",
    "category": "rental_income",
    "amount": "10500.00",
    "description": "RI",
    "date": "2025-06-06",
    "created_at": "2025-06-06T16:30:48.245Z",
    "is_trashed": false,
    "trashed_at": null
  }
},
{
  "model": "church.stewardshiprecord",
  "pk": 56,
  "fields": {
    "church": 1,
    "transaction_type": "IN",
    "category": "rental_income",
    "amount": "10500.00",
    "description": "RI",
    "date": "2025-06-06",
    "created_at": "2025-06-06T16:36:13.554Z",
    "is_trashed": false,
    "trashed_at": null
  }
},
{
  "model": "church.stewardshiprecord",
  "pk": 57,
  "fields": {
    "church": 1,
    "transaction_type": "IN",
    "category": "investment_return",
    "amount": "4500.00",
    "description": "IR",
    "date": "2025-06-06",
    "created_at": "2025-06-06T17:16:12.578Z",
    "is_trashed": false,
    "trashed_at": null
  }
},
{
  "model": "church.stewardshiprecord",
  "pk": 58,
  "fields": {
    "church": 1,
    "transaction_type": "EX",
    "category": "misc",
    "amount": "500.00",
    "description": "Misc.",
    "date": "2025-06-06",
    "created_at": "2025-06-06T17:18:57.634Z",
    "is_trashed": false,
    "trashed_at": null
  }
},
{
  "model": "church.stewardshiprecord",
  "pk": 59,
  "fields": {
    "church": 1,
    "transaction_type": "IN",
    "category": "rental_income",
    "amount": "3500.00",
    "description": "RI",
    "date": "2025-06-06",
    "created_at": "2025-06-06T17:22:02.013Z",
    "is_trashed": false,
    "trashed_at": null
  }
},
{
  "model": "church.stewardshiprecord",
  "pk": 60,
  "fields": {
    "church": 1,
    "transaction_type": "IN",
    "category": "investment_return",
    "amount": "2500.00",
    "description": "IR",
    "date": "2025-06-06",
    "created_at": "2025-06-06T17:31:55.631Z",
    "is_trashed": false,
    "trashed_at": null
  }
},
{
  "model": "church.stewardshiprecord",
  "pk": 61,
  "fields": {
    "church": 1,
    "transaction_type": "IN",
    "category": "thanksgiving",
    "amount": "1000.00",
    "description": "",
    "date": "2025-06-06",
    "created_at": "2025-06-06T17:55:47.809Z",
    "is_trashed": false,
    "trashed_at": null
  }
},
{
  "model": "church.stewardshiprecord",
  "pk": 62,
  "fields": {
    "church": 1,
    "transaction_type": "EX",
    "category": "reserve",
    "amount": "7800.00",
    "description": "RE",
    "date": "2025-06-06",
    "created_at": "2025-06-06T17:58:40.446Z",
    "is_trashed": false,
    "trashed_at": null
  }
},
{
  "model": "church.stewardshiprecord",
  "pk": 63,
  "fields": {
    "church": 1,
    "transaction_type": "IN",
    "category": "misc",
    "amount": "2001.00",
    "description": "",
    "date": "2025-06-11",
    "created_at": "2025-06-11T14:35:07.391Z",
    "is_trashed": false,
    "trashed_at": null
  }
},
{
  "model": "church.stewardshiprecord",
  "pk": 64,
  "fields": {
    "church": 1,
    "transaction_type": "OP",
    "category": "opening_balance",
    "amount": "34000.00",
    "description": "2025 Opening Balance",
    "date": "2025-01-06",
    "created_at": "2025-07-06T05:17:33.481Z",
    "is_trashed": false,
    "trashed_at": null
  }
},
{
  "model": "church.stewardshiprecord",
  "pk": 65,
  "fields": {
    "church": 1,
    "transaction_type": "IN",
    "category": "thanksgiving",
    "amount": "54000.00",
    "description": "Sunday Morning Income",
    "date": "2025-07-06",
    "created_at": "2025-07-06T06:25:18.377Z",
    "is_trashed": false,
    "trashed_at": null
  }
},
{
  "model": "church.stewardshiprecord",
  "pk": 66,
  "fields": {
    "church": 2,
    "transaction_type": "IN",
    "category": "thanksgiving",
    "amount": "500.00",
    "description": "Worship thanks",
    "date": "2025-07-12",
    "created_at": "2025-07-12T06:58:25.952Z",
    "is_trashed": false,
    "trashed_at": null
  }
},
{
  "model": "church.stewardshiprecord",
  "pk": 67,
  "fields": {
    "church": 2,
    "transaction_type": "IN",
    "category": "donation",
    "amount": "4900.00",
    "description": "Donated by Ngamraibou",
    "date": "2025-07-12",
    "created_at": "2025-07-12T06:58:56.376Z",
    "is_trashed": false,
    "trashed_at": null
  }
},
{
  "model": "church.stewardshiprecord",
  "pk": 68,
  "fields": {
    "church": 2,
    "transaction_type": "EX",
    "category": "misc",
    "amount": "2300.00",
    "description": "Misc.",
    "date": "2025-07-12",
    "created_at": "2025-07-12T06:59:17.859Z",
    "is_trashed": false,
    "trashed_at": null
  }
},
{
  "model": "church.stewardshiprecord",
  "pk": 69,
  "fields": {
    "church": 2,
    "transaction_type": "EX",
    "category": "charity",
    "amount": "2000.00",
    "description": "Relief",
    "date": "2025-07-12",
    "created_at": "2025-07-12T07:22:00.337Z",
    "is_trashed": false,
    "trashed_at": null
  }
},
{
  "model": "church.stewardshiprecord",
  "pk": 70,
  "fields": {
    "church": 2,
    "transaction_type": "EX",
    "category": "ministry",
    "amount": "3000.00",
    "description": "",
    "date": "2025-07-12",
    "created_at": "2025-07-12T07:23:21.352Z",
    "is_trashed": false,
    "trashed_at": null
  }
},
{
  "model": "church.stewardshiprecord",
  "pk": 71,
  "fields": {
    "church": 2,
    "transaction_type": "EX",
    "category": "mission_support",
    "amount": "5000.00",
    "description": "",
    "date": "2025-07-12",
    "created_at": "2025-07-12T07:23:38.066Z",
    "is_trashed": false,
    "trashed_at": null
  }
},
{
  "model": "church.stewardshiprecord",
  "pk": 72,
  "fields": {
    "church": 2,
    "transaction_type": "IN",
    "category": "sunday_income",
    "amount": "65000.00",
    "description": "Sunday Morning Income",
    "date": "2025-07-12",
    "created_at": "2025-07-12T07:24:02.919Z",
    "is_trashed": false,
    "trashed_at": null
  }
},
{
  "model": "church.stewardshiprecord",
  "pk": 73,
  "fields": {
    "church": 2,
    "transaction_type": "IN",
    "category": "donation",
    "amount": "5000.00",
    "description": "Donated by wilson",
    "date": "2025-07-12",
    "created_at": "2025-07-12T07:24:35.629Z",
    "is_trashed": false,
    "trashed_at": null
  }
},
{
  "model": "church.stewardshiprecord",
  "pk": 74,
  "fields": {
    "church": 2,
    "transaction_type": "OP",
    "category": "opening_balance",
    "amount": "45000.00",
    "description": "",
    "date": "2025-06-12",
    "created_at": "2025-07-12T07:27:04.541Z",
    "is_trashed": false,
    "trashed_at": null
  }
},
{
  "model": "church.stewardshiprecord",
  "pk": 75,
  "fields": {
    "church": 12,
    "transaction_type": "IN",
    "category": "sunday_income",
    "amount": "57000.00",
    "description": "Sunday morning income",
    "date": "2025-07-14",
    "created_at": "2025-07-14T14:17:20.963Z",
    "is_trashed": false,
    "trashed_at": null
  }
},
{
  "model": "church.stewardshiprecord",
  "pk": 76,
  "fields": {
    "church": 12,
    "transaction_type": "IN",
    "category": "thanksgiving",
    "amount": "5000.00",
    "description": "",
    "date": "2025-07-14",
    "created_at": "2025-07-14T14:17:36.708Z",
    "is_trashed": false,
    "trashed_at": null
  }
},
{
  "model": "church.stewardshiprecord",
  "pk": 77,
  "fields": {
    "church": 12,
    "transaction_type": "EX",
    "category": "stationery",
    "amount": "1500.00",
    "description": "",
    "date": "2025-07-14",
    "created_at": "2025-07-14T14:18:00.646Z",
    "is_trashed": false,
    "trashed_at": null
  }
},
{
  "model": "church.auditlog",
  "pk": 1,
  "fields": {
    "stewardship_record": 63,
    "user": 17,
    "action": "create",
    "message": "Record created: ₹2001 for Miscellaneous on 2025-06-11",
    "timestamp": "2025-06-11T14:35:07.398Z"
  }
},
{
  "model": "church.auditlog",
  "pk": 2,
  "fields": {
    "stewardship_record": 38,
    "user": 17,
    "action": "Restore",
    "message": "Restored from trash.",
    "timestamp": "2025-06-11T17:44:08.840Z"
  }
},
{
  "model": "church.auditlog",
  "pk": 3,
  "fields": {
    "stewardship_record": 64,
    "user": 17,
    "action": "Created",
    "message": "Record created: ₹34000 for opening_balance on 2025-01-06",
    "timestamp": "2025-07-06T05:17:33.493Z"
  }
},
{
  "model": "church.auditlog",
  "pk": 4,
  "fields": {
    "stewardship_record": 65,
    "user": 17,
    "action": "Created",
    "message": "Record created: ₹54000 for thanksgiving on 2025-07-06",
    "timestamp": "2025-07-06T06:25:18.383Z"
  }
},
{
  "model": "church.auditlog",
  "pk": 5,
  "fields": {
    "stewardship_record": 66,
    "user": 18,
    "action": "Created",
    "message": "Record created: ₹500 for thanksgiving on 2025-07-12",
    "timestamp": "2025-07-12T06:58:25.956Z"
  }
},
{
  "model": "church.auditlog",
  "pk": 6,
  "fields": {
    "stewardship_record": 67,
    "user": 18,
    "action": "Created",
    "message": "Record created: ₹4900 for donation on 2025-07-12",
    "timestamp": "2025-07-12T06:58:56.382Z"
  }
},
{
  "model": "church.auditlog",
  "pk": 7,
  "fields": {
    "stewardship_record": 68,
    "user": 18,
    "action": "Created",
    "message": "Record created: ₹2300 for misc on 2025-07-12",
    "timestamp": "2025-07-12T06:59:17.864Z"
  }
},
{
  "model": "church.auditlog",
  "pk": 8,
  "fields": {
    "stewardship_record": 69,
    "user": 18,
    "action": "Created",
    "message": "Record created: ₹2000 for charity on 2025-07-12",
    "timestamp": "2025-07-12T07:22:00.344Z"
  }
},
{
  "model": "church.auditlog",
  "pk": 9,
  "fields": {
    "stewardship_record": 70,
    "user": 18,
    "action": "Created",
    "message": "Record created: ₹3000 for ministry on 2025-07-12",
    "timestamp": "2025-07-12T07:23:21.357Z"
  }
},
{
  "model": "church.auditlog",
  "pk": 10,
  "fields": {
    "stewardship_record": 71,
    "user": 18,
    "action": "Created",
    "message": "Record created: ₹5000 for mission_support on 2025-07-12",
    "timestamp": "2025-07-12T07:23:38.072Z"
  }
},
{
  "model": "church.auditlog",
  "pk": 11,
  "fields": {
    "stewardship_record": 72,
    "user": 18,
    "action": "Created",
    "message": "Record created: ₹65000 for sunday_income on 2025-07-12",
    "timestamp": "2025-07-12T07:24:02.924Z"
  }
},
{
  "model": "church.auditlog",
  "pk": 12,
  "fields": {
    "stewardship_record": 73,
    "user": 18,
    "action": "Created",
    "message": "Record created: ₹5000 for donation on 2025-07-12",
    "timestamp": "2025-07-12T07:24:35.634Z"
  }
},
{
  "model": "church.auditlog",
  "pk": 13,
  "fields": {
    "stewardship_record": 74,
    "user": 18,
    "action": "Created",
    "message": "Record created: ₹45000 for opening_balance on 2025-06-12",
    "timestamp": "2025-07-12T07:27:04.546Z"
  }
},
{
  "model": "church.auditlog",
  "pk": 14,
  "fields": {
    "stewardship_record": 75,
    "user": 47,
    "action": "Created",
    "message": "Record created: ₹57000 for sunday_income on 2025-07-14",
    "timestamp": "2025-07-14T14:17:20.969Z"
  }
},
{
  "model": "church.auditlog",
  "pk": 15,
  "fields": {
    "stewardship_record": 76,
    "user": 47,
    "action": "Created",
    "message": "Record created: ₹5000 for thanksgiving on 2025-07-14",
    "timestamp": "2025-07-14T14:17:36.714Z"
  }
},
{
  "model": "church.auditlog",
  "pk": 16,
  "fields": {
    "stewardship_record": 77,
    "user": 47,
    "action": "Created",
    "message": "Record created: ₹1500 for stationery on 2025-07-14",
    "timestamp": "2025-07-14T14:18:00.650Z"
  }
},
{
  "model": "church.sundayincomereceipt",
  "pk": 19,
  "fields": {
    "church": 2,
    "receipt_number": "RCPT-36ED6F0F",
    "name": "Kamal",
    "phone_number": null,
    "category": "tithes",
    "amount": "1000.00",
    "thank_you_message": null,
    "received_by": null,
    "receiver_name": "lbccbc@gmail.com",
    "digital_signature": "",
    "qr_code": "qr_codes/RCPT-36ED6F0F.png",
    "created_at": "2025-05-31T18:38:31.384Z",
    "is_deleted": true,
    "deleted_at": null
  }
},
{
  "model": "church.sundayincomereceipt",
  "pk": 20,
  "fields": {
    "church": 2,
    "receipt_number": "RCPT-16A5CF13",
    "name": "Adampao",
    "phone_number": null,
    "category": "tithes",
    "amount": "1200.00",
    "thank_you_message": null,
    "received_by": null,
    "receiver_name": "lbccbc@gmail.com",
    "digital_signature": "",
    "qr_code": "qr_codes/RCPT-16A5CF13.png",
    "created_at": "2025-05-31T18:39:20.437Z",
    "is_deleted": true,
    "deleted_at": null
  }
},
{
  "model": "church.sundayincomereceipt",
  "pk": 31,
  "fields": {
    "church": 1,
    "receipt_number": "RCPT-F755EFA7",
    "name": "Sansa",
    "phone_number": null,
    "category": "tithes",
    "amount": "5999.84",
    "thank_you_message": "Thank you for your generosity",
    "received_by": null,
    "receiver_name": "Makui Baptist Church",
    "digital_signature": "",
    "qr_code": "qr_codes/RCPT-F755EFA7.png",
    "created_at": "2025-06-03T05:48:37.596Z",
    "is_deleted": false,
    "deleted_at": null
  }
},
{
  "model": "church.sundayincomereceipt",
  "pk": 32,
  "fields": {
    "church": 1,
    "receipt_number": "RCPT-B6675381",
    "name": "paul matt",
    "phone_number": null,
    "category": "thanksgiving",
    "amount": "5000.00",
    "thank_you_message": "Thank you for your generosity",
    "received_by": null,
    "receiver_name": "Makui Baptist Church",
    "digital_signature": "",
    "qr_code": "qr_codes/RCPT-B6675381.png",
    "created_at": "2025-06-03T07:59:37.056Z",
    "is_deleted": false,
    "deleted_at": null
  }
},
{
  "model": "church.sundayincomereceipt",
  "pk": 33,
  "fields": {
    "church": 1,
    "receipt_number": "RCPT-6C1B83EC",
    "name": "matthew",
    "phone_number": null,
    "category": "offering",
    "amount": "200.00",
    "thank_you_message": "Thank you for your generosity",
    "received_by": null,
    "receiver_name": "Makui Baptist Church",
    "digital_signature": "",
    "qr_code": "qr_codes/RCPT-6C1B83EC.png",
    "created_at": "2025-06-03T08:00:00.716Z",
    "is_deleted": false,
    "deleted_at": null
  }
},
{
  "model": "church.sundayincomereceipt",
  "pk": 34,
  "fields": {
    "church": 1,
    "receipt_number": "RCPT-05C9FB99",
    "name": "Ngamraibou Chawang",
    "phone_number": null,
    "category": "tithes",
    "amount": "1000.00",
    "thank_you_message": "Thank you for your generosity",
    "received_by": null,
    "receiver_name": "Makui Baptist Church",
    "digital_signature": "",
    "qr_code": "qr_codes/RCPT-05C9FB99.png",
    "created_at": "2025-06-03T11:21:59.146Z",
    "is_deleted": false,
    "deleted_at": null
  }
},
{
  "model": "church.sundayincomereceipt",
  "pk": 35,
  "fields": {
    "church": 1,
    "receipt_number": "RCPT-1CD8B127",
    "name": "Sumitra",
    "phone_number": null,
    "category": "tithes",
    "amount": "1500.00",
    "thank_you_message": "Thank you for your generosity",
    "received_by": null,
    "receiver_name": "Makui Baptist Church",
    "digital_signature": "",
    "qr_code": "qr_codes/RCPT-1CD8B127.png",
    "created_at": "2025-06-03T11:22:28.894Z",
    "is_deleted": false,
    "deleted_at": null
  }
},
{
  "model": "church.sundayincomereceipt",
  "pk": 36,
  "fields": {
    "church": 1,
    "receipt_number": "RCPT-B95CE9A5",
    "name": "Ngamraibou Chawang",
    "phone_number": null,
    "category": "tithes",
    "amount": "500.00",
    "thank_you_message": "Thank you for your generosity",
    "received_by": null,
    "receiver_name": "Makui Baptist Church",
    "digital_signature": "",
    "qr_code": "qr_codes/RCPT-B95CE9A5.png",
    "created_at": "2025-06-06T10:39:49.768Z",
    "is_deleted": false,
    "deleted_at": null
  }
},
{
  "model": "church.sundayincomereceipt",
  "pk": 37,
  "fields": {
    "church": 1,
    "receipt_number": "RCPT-406CF67D",
    "name": "Jalany Chawang",
    "phone_number": null,
    "category": "thanksgiving",
    "amount": "1500.00",
    "thank_you_message": "Thank you for your generosity",
    "received_by": null,
    "receiver_name": "Makui Baptist Church",
    "digital_signature": "",
    "qr_code": "qr_codes/RCPT-406CF67D.png",
    "created_at": "2025-06-06T10:58:49.589Z",
    "is_deleted": false,
    "deleted_at": null
  }
},
{
  "model": "church.sundayincomereceipt",
  "pk": 38,
  "fields": {
    "church": 1,
    "receipt_number": "RCPT-8A99C4C1",
    "name": "Kamkam",
    "phone_number": null,
    "category": "in_kind",
    "amount": "1001.00",
    "thank_you_message": "Thank you for your generosity",
    "received_by": null,
    "receiver_name": "Makui Baptist Church",
    "digital_signature": "",
    "qr_code": "qr_codes/RCPT-8A99C4C1.png",
    "created_at": "2025-06-06T10:59:18.389Z",
    "is_deleted": false,
    "deleted_at": null
  }
},
{
  "model": "church.sundayincomereceipt",
  "pk": 39,
  "fields": {
    "church": 1,
    "receipt_number": "RCPT-685A8FD3",
    "name": "church in-kind",
    "phone_number": null,
    "category": "in_kind",
    "amount": "1001.00",
    "thank_you_message": "Thank you for your generosity",
    "received_by": null,
    "receiver_name": "Makui Baptist Church",
    "digital_signature": "",
    "qr_code": "qr_codes/RCPT-685A8FD3.png",
    "created_at": "2025-06-06T10:59:53.915Z",
    "is_deleted": false,
    "deleted_at": null
  }
},
{
  "model": "church.sundayincomereceipt",
  "pk": 40,
  "fields": {
    "church": 1,
    "receipt_number": "RCPT-DAB60958",
    "name": "offering",
    "phone_number": null,
    "category": "offering",
    "amount": "4000.00",
    "thank_you_message": "Thank you for your generosity",
    "received_by": null,
    "receiver_name": "Makui Baptist Church",
    "digital_signature": "",
    "qr_code": "qr_codes/RCPT-DAB60958.png",
    "created_at": "2025-06-06T11:00:12.433Z",
    "is_deleted": false,
    "deleted_at": null
  }
},
{
  "model": "church.sundayincomereceipt",
  "pk": 41,
  "fields": {
    "church": 1,
    "receipt_number": "RCPT-63C4D9C1",
    "name": "Bonbon",
    "phone_number": null,
    "category": "tithes",
    "amount": "1600.00",
    "thank_you_message": "Thank you for your generosity",
    "received_by": null,
    "receiver_name": "Makui Baptist Church",
    "digital_signature": "",
    "qr_code": "qr_codes/RCPT-63C4D9C1.png",
    "created_at": "2025-06-06T11:00:31.086Z",
    "is_deleted": false,
    "deleted_at": null
  }
},
{
  "model": "church.sundayincomereceipt",
  "pk": 42,
  "fields": {
    "church": 1,
    "receipt_number": "RCPT-464A22D0",
    "name": "matthew",
    "phone_number": null,
    "category": "tithes",
    "amount": "500.00",
    "thank_you_message": "Thank you for your generosity",
    "received_by": null,
    "receiver_name": "Makui Baptist Church",
    "digital_signature": "",
    "qr_code": "qr_codes/RCPT-464A22D0.png",
    "created_at": "2025-06-06T11:14:49.769Z",
    "is_deleted": false,
    "deleted_at": null
  }
},
{
  "model": "church.sundayincomereceipt",
  "pk": 43,
  "fields": {
    "church": 1,
    "receipt_number": "RCPT-526449F3",
    "name": "john",
    "phone_number": null,
    "category": "tithes",
    "amount": "500.00",
    "thank_you_message": "Thank you for your generosity",
    "received_by": null,
    "receiver_name": "Makui Baptist Church",
    "digital_signature": "",
    "qr_code": "qr_codes/RCPT-526449F3.png",
    "created_at": "2025-06-06T11:15:00.315Z",
    "is_deleted": false,
    "deleted_at": null
  }
},
{
  "model": "church.sundayincomereceipt",
  "pk": 44,
  "fields": {
    "church": 1,
    "receipt_number": "RCPT-4E4602F5",
    "name": "wiraibou",
    "phone_number": null,
    "category": "tithes",
    "amount": "500.00",
    "thank_you_message": "Thank you for your generosity",
    "received_by": null,
    "receiver_name": "Makui Baptist Church",
    "digital_signature": "",
    "qr_code": "qr_codes/RCPT-4E4602F5.png",
    "created_at": "2025-06-06T11:15:13.449Z",
    "is_deleted": false,
    "deleted_at": null
  }
},
{
  "model": "church.sundayincomereceipt",
  "pk": 45,
  "fields": {
    "church": 1,
    "receipt_number": "RCPT-AE4504E0",
    "name": "mathiuning",
    "phone_number": null,
    "category": "tithes",
    "amount": "500.00",
    "thank_you_message": "Thank you for your generosity",
    "received_by": null,
    "receiver_name": "Makui Baptist Church",
    "digital_signature": "",
    "qr_code": "qr_codes/RCPT-AE4504E0.png",
    "created_at": "2025-06-06T11:15:21.821Z",
    "is_deleted": false,
    "deleted_at": null
  }
},
{
  "model": "church.sundayincomereceipt",
  "pk": 46,
  "fields": {
    "church": 1,
    "receipt_number": "RCPT-C40AF1DF",
    "name": "wiwangbou",
    "phone_number": null,
    "category": "tithes",
    "amount": "500.00",
    "thank_you_message": "Thank you for your generosity",
    "received_by": null,
    "receiver_name": "Makui Baptist Church",
    "digital_signature": "",
    "qr_code": "qr_codes/RCPT-C40AF1DF.png",
    "created_at": "2025-06-06T11:15:30.916Z",
    "is_deleted": false,
    "deleted_at": null
  }
},
{
  "model": "church.sundayincomereceipt",
  "pk": 47,
  "fields": {
    "church": 1,
    "receipt_number": "RCPT-E3BD4E80",
    "name": "siraibou chwang",
    "phone_number": null,
    "category": "tithes",
    "amount": "500.00",
    "thank_you_message": "Thank you for your generosity",
    "received_by": null,
    "receiver_name": "Makui Baptist Church",
    "digital_signature": "",
    "qr_code": "qr_codes/RCPT-E3BD4E80.png",
    "created_at": "2025-06-06T11:15:43.370Z",
    "is_deleted": false,
    "deleted_at": null
  }
},
{
  "model": "church.sundayincomereceipt",
  "pk": 48,
  "fields": {
    "church": 1,
    "receipt_number": "RCPT-643365F8",
    "name": "kungdiang",
    "phone_number": null,
    "category": "tithes",
    "amount": "500.00",
    "thank_you_message": "Thank you for your generosity",
    "received_by": null,
    "receiver_name": "Makui Baptist Church",
    "digital_signature": "",
    "qr_code": "qr_codes/RCPT-643365F8.png",
    "created_at": "2025-06-06T11:15:52.345Z",
    "is_deleted": false,
    "deleted_at": null
  }
},
{
  "model": "church.sundayincomereceipt",
  "pk": 49,
  "fields": {
    "church": 1,
    "receipt_number": "RCPT-CEFE8E99",
    "name": "Abraham",
    "phone_number": null,
    "category": "tithes",
    "amount": "500.00",
    "thank_you_message": "Thank you for your generosity",
    "received_by": null,
    "receiver_name": "Makui Baptist Church",
    "digital_signature": "",
    "qr_code": "qr_codes/RCPT-CEFE8E99.png",
    "created_at": "2025-06-06T11:16:00.547Z",
    "is_deleted": false,
    "deleted_at": null
  }
},
{
  "model": "church.sundayincomereceipt",
  "pk": 50,
  "fields": {
    "church": 1,
    "receipt_number": "RCPT-C00B26C1",
    "name": "lungthon",
    "phone_number": null,
    "category": "tithes",
    "amount": "500.00",
    "thank_you_message": "Thank you for your generosity",
    "received_by": null,
    "receiver_name": "Makui Baptist Church",
    "digital_signature": "",
    "qr_code": "qr_codes/RCPT-C00B26C1.png",
    "created_at": "2025-06-06T11:16:08.684Z",
    "is_deleted": false,
    "deleted_at": null
  }
},
{
  "model": "church.sundayincomereceipt",
  "pk": 51,
  "fields": {
    "church": 1,
    "receipt_number": "RCPT-AA7438BD",
    "name": "kensi",
    "phone_number": null,
    "category": "tithes",
    "amount": "500.00",
    "thank_you_message": "Thank you for your generosity",
    "received_by": null,
    "receiver_name": "Makui Baptist Church",
    "digital_signature": "",
    "qr_code": "qr_codes/RCPT-AA7438BD.png",
    "created_at": "2025-06-06T11:16:15.283Z",
    "is_deleted": false,
    "deleted_at": null
  }
},
{
  "model": "church.sundayincomereceipt",
  "pk": 52,
  "fields": {
    "church": 1,
    "receipt_number": "RCPT-FB4AED20",
    "name": "kendi",
    "phone_number": null,
    "category": "tithes",
    "amount": "1000.00",
    "thank_you_message": "Thank you for your generosity",
    "received_by": null,
    "receiver_name": "Makui Baptist Church",
    "digital_signature": "",
    "qr_code": "qr_codes/RCPT-FB4AED20.png",
    "created_at": "2025-06-06T11:16:26.493Z",
    "is_deleted": false,
    "deleted_at": null
  }
},
{
  "model": "church.sundayincomereceipt",
  "pk": 53,
  "fields": {
    "church": 1,
    "receipt_number": "RCPT-20C5C39D",
    "name": "Jaan",
    "phone_number": null,
    "category": "tithes",
    "amount": "150.00",
    "thank_you_message": "Thank you for your generosity",
    "received_by": null,
    "receiver_name": "Makui Baptist Church",
    "digital_signature": "",
    "qr_code": "qr_codes/RCPT-20C5C39D.png",
    "created_at": "2025-06-19T16:37:52.758Z",
    "is_deleted": false,
    "deleted_at": null
  }
},
{
  "model": "church.sundayincomereceipt",
  "pk": 54,
  "fields": {
    "church": 1,
    "receipt_number": "RCPT-EDC73619",
    "name": "morning bell",
    "phone_number": null,
    "category": "tithes",
    "amount": "1550.00",
    "thank_you_message": "Thank you for your generosity",
    "received_by": null,
    "receiver_name": "Makui Baptist Church",
    "digital_signature": "",
    "qr_code": "qr_codes/RCPT-EDC73619.png",
    "created_at": "2025-06-19T17:50:35.607Z",
    "is_deleted": false,
    "deleted_at": null
  }
},
{
  "model": "church.sundayincomereceipt",
  "pk": 55,
  "fields": {
    "church": 1,
    "receipt_number": "RCPT-6DC0B1FC",
    "name": "Lovely",
    "phone_number": null,
    "category": "tithes",
    "amount": "290.00",
    "thank_you_message": "Thank you for your generosity",
    "received_by": null,
    "receiver_name": "Makui Baptist Church",
    "digital_signature": "",
    "qr_code": "qr_codes/RCPT-6DC0B1FC.png",
    "created_at": "2025-06-20T04:17:20.047Z",
    "is_deleted": false,
    "deleted_at": null
  }
},
{
  "model": "church.sundayincomereceipt",
  "pk": 56,
  "fields": {
    "church": 1,
    "receipt_number": "RCPT-27DE2A83",
    "name": "Jolly",
    "phone_number": null,
    "category": "tithes",
    "amount": "89.00",
    "thank_you_message": "Thank you for your generosity",
    "received_by": null,
    "receiver_name": "Makui Baptist Church",
    "digital_signature": "",
    "qr_code": "qr_codes/RCPT-27DE2A83.png",
    "created_at": "2025-06-20T04:54:25.921Z",
    "is_deleted": true,
    "deleted_at": null
  }
},
{
  "model": "church.sundayincomereceipt",
  "pk": 57,
  "fields": {
    "church": 1,
    "receipt_number": "RCPT-0D13AF10",
    "name": "Tajong",
    "phone_number": "6007008735",
    "category": "tithes",
    "amount": "199.00",
    "thank_you_message": "Thank you for your generosity",
    "received_by": null,
    "receiver_name": "Makui Baptist Church",
    "digital_signature": "",
    "qr_code": "qr_codes/RCPT-0D13AF10.png",
    "created_at": "2025-06-20T06:03:59.296Z",
    "is_deleted": false,
    "deleted_at": null
  }
},
{
  "model": "church.sundayincomereceipt",
  "pk": 58,
  "fields": {
    "church": 1,
    "receipt_number": "RCPT-F32F92B5",
    "name": "Sanwi",
    "phone_number": "8790012571",
    "category": "tithes",
    "amount": "109.00",
    "thank_you_message": "Thank you for your generosity",
    "received_by": null,
    "receiver_name": "Makui Baptist Church",
    "digital_signature": "",
    "qr_code": "qr_codes/RCPT-F32F92B5.png",
    "created_at": "2025-06-20T06:08:55.473Z",
    "is_deleted": false,
    "deleted_at": null
  }
},
{
  "model": "church.sundayincomereceipt",
  "pk": 59,
  "fields": {
    "church": 1,
    "receipt_number": "RCPT-992C7B89",
    "name": "William Smith",
    "phone_number": "+449809251621",
    "category": "tithes",
    "amount": "6000.00",
    "thank_you_message": "Thank you for your generosity",
    "received_by": null,
    "receiver_name": "Makui Baptist Church",
    "digital_signature": "",
    "qr_code": "qr_codes/RCPT-992C7B89.png",
    "created_at": "2025-06-20T07:19:31.024Z",
    "is_deleted": true,
    "deleted_at": null
  }
},
{
  "model": "church.sundayincomereceipt",
  "pk": 60,
  "fields": {
    "church": 2,
    "receipt_number": "RCPT-C2D6DB63",
    "name": "William Smith",
    "phone_number": "+449809251621",
    "category": "tithes",
    "amount": "6000.00",
    "thank_you_message": "Thank you for your generosity",
    "received_by": null,
    "receiver_name": "LBCC",
    "digital_signature": "",
    "qr_code": "qr_codes/RCPT-C2D6DB63.png",
    "created_at": "2025-07-12T06:39:00.295Z",
    "is_deleted": true,
    "deleted_at": null
  }
},
{
  "model": "church.sundayincomereceipt",
  "pk": 61,
  "fields": {
    "church": 2,
    "receipt_number": "RCPT-304FAFC2",
    "name": "William Smith",
    "phone_number": "+449809251621",
    "category": "tithes",
    "amount": "6000.00",
    "thank_you_message": "Thank you for your generosity",
    "received_by": null,
    "receiver_name": "LBCC",
    "digital_signature": "",
    "qr_code": "qr_codes/RCPT-304FAFC2.png",
    "created_at": "2025-07-12T06:39:12.011Z",
    "is_deleted": true,
    "deleted_at": null
  }
},
{
  "model": "church.sundayincomereceipt",
  "pk": 62,
  "fields": {
    "church": 2,
    "receipt_number": "RCPT-AF2C7D8B",
    "name": "William Smith",
    "phone_number": "+449809251621",
    "category": "tithes",
    "amount": "6000.00",
    "thank_you_message": "Thank you for your generosity",
    "received_by": null,
    "receiver_name": "LBCC",
    "digital_signature": "",
    "qr_code": "qr_codes/RCPT-AF2C7D8B.png",
    "created_at": "2025-07-12T06:39:42.827Z",
    "is_deleted": true,
    "deleted_at": null
  }
},
{
  "model": "church.sundayincomereceipt",
  "pk": 63,
  "fields": {
    "church": 1,
    "receipt_number": "RCPT-AD3B8E37",
    "name": "paul",
    "phone_number": "",
    "category": "tithes",
    "amount": "188.00",
    "thank_you_message": "Thank you for your generosity",
    "received_by": null,
    "receiver_name": "Makui Baptist Church",
    "digital_signature": "",
    "qr_code": "qr_codes/RCPT-AD3B8E37.png",
    "created_at": "2025-07-12T06:42:34.013Z",
    "is_deleted": false,
    "deleted_at": null
  }
},
{
  "model": "church.sundayincomereceipt",
  "pk": 64,
  "fields": {
    "church": 2,
    "receipt_number": "RCPT-7B694647",
    "name": "William Smith",
    "phone_number": "+449809251621",
    "category": "tithes",
    "amount": "6000.00",
    "thank_you_message": "Thank you for your generosity",
    "received_by": null,
    "receiver_name": "LBCC",
    "digital_signature": "",
    "qr_code": "qr_codes/RCPT-7B694647.png",
    "created_at": "2025-07-12T06:46:53.397Z",
    "is_deleted": false,
    "deleted_at": null
  }
},
{
  "model": "church.sundayincomereceipt",
  "pk": 65,
  "fields": {
    "church": 2,
    "receipt_number": "RCPT-353F8239",
    "name": "kamai",
    "phone_number": "",
    "category": "thanksgiving",
    "amount": "199.00",
    "thank_you_message": "Thank you for your generosity",
    "received_by": null,
    "receiver_name": "LBCC",
    "digital_signature": "",
    "qr_code": "qr_codes/RCPT-353F8239.png",
    "created_at": "2025-07-12T06:57:09.849Z",
    "is_deleted": false,
    "deleted_at": null
  }
},
{
  "model": "church.sundayincomereceipt",
  "pk": 66,
  "fields": {
    "church": 1,
    "receipt_number": "RCPT-46D10275",
    "name": "King",
    "phone_number": "",
    "category": "thanksgiving",
    "amount": "200.00",
    "thank_you_message": "Thank you for your generosity",
    "received_by": null,
    "receiver_name": "Makui Baptist Church",
    "digital_signature": "",
    "qr_code": "qr_codes/RCPT-46D10275.png",
    "created_at": "2025-07-15T12:40:19.471Z",
    "is_deleted": false,
    "deleted_at": null
  }
},
{
  "model": "church.onlinegiving",
  "pk": 2,
  "fields": {
    "church": 1,
    "member": 6,
    "giver_name": "Ngamraibou",
    "phone_number": "09887763810",
    "amount": "1000.00",
    "upi_transaction_id": "57656dgttyyuy00",
    "category": "tithes",
    "thank_you_message": "Thank you for your generosity!",
    "created_at": "2025-06-18T05:45:22.982Z",
    "receipt_number": null
  }
},
{
  "model": "church.onlinegiving",
  "pk": 3,
  "fields": {
    "church": 1,
    "member": 6,
    "giver_name": "Kamang Chawang",
    "phone_number": "8789650153",
    "amount": "2000.00",
    "upi_transaction_id": "57656dgttyyuhr",
    "category": "tithes",
    "thank_you_message": "Thank you for your generosity!",
    "created_at": "2025-06-18T09:12:06.377Z",
    "receipt_number": "OG-20250618-5152"
  }
},
{
  "model": "church.onlinegiving",
  "pk": 4,
  "fields": {
    "church": 1,
    "member": 6,
    "giver_name": "Kamang Chawang",
    "phone_number": "8789650153",
    "amount": "2000.00",
    "upi_transaction_id": "57656dgttyyuhr",
    "category": "tithes",
    "thank_you_message": "Thank you for your generosity!",
    "created_at": "2025-06-18T09:15:30.851Z",
    "receipt_number": "OG-20250618-0438"
  }
},
{
  "model": "church.onlinegiving",
  "pk": 7,
  "fields": {
    "church": 1,
    "member": 6,
    "giver_name": "Sansan",
    "phone_number": "8593756385",
    "amount": "1500.00",
    "upi_transaction_id": "90807hthst",
    "category": "tithes",
    "thank_you_message": "Thank you for your generosity!",
    "created_at": "2025-06-18T09:42:25.113Z",
    "receipt_number": "OG-20250618-7968"
  }
},
{
  "model": "church.onlinegiving",
  "pk": 8,
  "fields": {
    "church": 1,
    "member": 6,
    "giver_name": "viviana",
    "phone_number": "8760098015",
    "amount": "600.00",
    "upi_transaction_id": "57656dgttyyuow",
    "category": "tithes",
    "thank_you_message": "Thank you for your generosity!",
    "created_at": "2025-06-18T10:01:45.549Z",
    "receipt_number": "OG-20250618-7914"
  }
},
{
  "model": "church.onlinegiving",
  "pk": 9,
  "fields": {
    "church": 1,
    "member": 6,
    "giver_name": "john",
    "phone_number": "7878798097",
    "amount": "700.00",
    "upi_transaction_id": "57656dgttyyuyw",
    "category": "offering",
    "thank_you_message": "Thank you for your generosity!",
    "created_at": "2025-06-18T10:05:53.426Z",
    "receipt_number": "OG-20250618-3054"
  }
},
{
  "model": "church.onlinegiving",
  "pk": 10,
  "fields": {
    "church": 1,
    "member": 6,
    "giver_name": "matthew",
    "phone_number": "7609804736",
    "amount": "400.00",
    "upi_transaction_id": "57656dgttyyudg",
    "category": "tithes",
    "thank_you_message": "Thank you for your generosity!",
    "created_at": "2025-06-18T10:10:34.554Z",
    "receipt_number": "OG-20250618-0875"
  }
},
{
  "model": "church.onlinegiving",
  "pk": 11,
  "fields": {
    "church": 1,
    "member": 6,
    "giver_name": "mica",
    "phone_number": "8765543291",
    "amount": "200.00",
    "upi_transaction_id": "57656dgttyyu00",
    "category": "offering",
    "thank_you_message": "Thank you for your generosity!",
    "created_at": "2025-06-18T10:16:52.128Z",
    "receipt_number": "OG-20250618-6016"
  }
},
{
  "model": "church.onlinegiving",
  "pk": 13,
  "fields": {
    "church": 1,
    "member": 6,
    "giver_name": "Johna",
    "phone_number": "9897000123",
    "amount": "1000.00",
    "upi_transaction_id": "57656dgttyyuaa",
    "category": "tithes",
    "thank_you_message": "Thank you for your generosity!",
    "created_at": "2025-06-18T10:25:07.429Z",
    "receipt_number": "OG-20250618-8840"
  }
},
{
  "model": "church.onlinegiving",
  "pk": 14,
  "fields": {
    "church": 1,
    "member": 6,
    "giver_name": "kingson",
    "phone_number": "7659872091",
    "amount": "150.00",
    "upi_transaction_id": "57656dgttyyutt",
    "category": "offering",
    "thank_you_message": "Thank you for your generosity!",
    "created_at": "2025-06-18T10:35:08.263Z",
    "receipt_number": "OG-20250618-8104"
  }
},
{
  "model": "church.onlinegiving",
  "pk": 15,
  "fields": {
    "church": 1,
    "member": 6,
    "giver_name": "Merry",
    "phone_number": "8756372819",
    "amount": "1000.00",
    "upi_transaction_id": "57656dgttyyuykk",
    "category": "tithes",
    "thank_you_message": "Thank you for your generosity!",
    "created_at": "2025-06-18T10:43:39.479Z",
    "receipt_number": "OG-20250618-3976"
  }
},
{
  "model": "church.onlinegiving",
  "pk": 16,
  "fields": {
    "church": 1,
    "member": 6,
    "giver_name": "willy",
    "phone_number": "7687902840",
    "amount": "1200.00",
    "upi_transaction_id": "57656dgttyyuywsd",
    "category": "tithes",
    "thank_you_message": "Thank you for your generosity!",
    "created_at": "2025-06-18T10:44:33.474Z",
    "receipt_number": "OG-20250618-3995"
  }
},
{
  "model": "church.onlinegiving",
  "pk": 17,
  "fields": {
    "church": 1,
    "member": 6,
    "giver_name": "Boison",
    "phone_number": "9857602718",
    "amount": "550.00",
    "upi_transaction_id": "57656dgttyyucxz",
    "category": "tithes",
    "thank_you_message": "Thank you for your generosity!",
    "created_at": "2025-06-18T11:04:49.780Z",
    "receipt_number": "OG-20250618-3322"
  }
},
{
  "model": "church.onlinegiving",
  "pk": 18,
  "fields": {
    "church": 1,
    "member": 6,
    "giver_name": "Anthony",
    "phone_number": "8798002314",
    "amount": "10000.00",
    "upi_transaction_id": "57656dgttyyubcv",
    "category": "tithes",
    "thank_you_message": "Thank you for your generosity!",
    "created_at": "2025-06-18T15:01:17.929Z",
    "receipt_number": "OG-20250618-3833"
  }
},
{
  "model": "church.onlinegiving",
  "pk": 20,
  "fields": {
    "church": 1,
    "member": 6,
    "giver_name": "Nancy",
    "phone_number": "6008461720",
    "amount": "100.00",
    "upi_transaction_id": "57656dgttyyubnc",
    "category": "offering",
    "thank_you_message": "Thank you for your generosity!",
    "created_at": "2025-06-18T15:21:38.013Z",
    "receipt_number": "OG-20250618-1398"
  }
},
{
  "model": "church.onlinegiving",
  "pk": 26,
  "fields": {
    "church": 1,
    "member": 6,
    "giver_name": "Willian",
    "phone_number": "8745982310",
    "amount": "5500.00",
    "upi_transaction_id": "57656dgttyyuvxmv",
    "category": "thanks",
    "thank_you_message": "Thank you for your generosity!",
    "created_at": "2025-06-19T18:05:45.220Z",
    "receipt_number": "OG-20250619-2752"
  }
},
{
  "model": "church.onlinegiving",
  "pk": 27,
  "fields": {
    "church": 1,
    "member": 6,
    "giver_name": "Jewel",
    "phone_number": "8762111908",
    "amount": "100.00",
    "upi_transaction_id": "nhgyctry656yhq",
    "category": "tithes",
    "thank_you_message": "Thank you for your generosity!",
    "created_at": "2025-06-20T04:14:50.444Z",
    "receipt_number": "OG-20250620-2143"
  }
},
{
  "model": "church.onlinegiving",
  "pk": 28,
  "fields": {
    "church": 1,
    "member": 6,
    "giver_name": "ABA",
    "phone_number": "8790123514",
    "amount": "900.00",
    "upi_transaction_id": "wysbxy726shk",
    "category": "tithes",
    "thank_you_message": "Thank you for your generosity!",
    "created_at": "2025-06-20T04:23:22.236Z",
    "receipt_number": "OG-20250620-9155"
  }
},
{
  "model": "church.onlinegiving",
  "pk": 29,
  "fields": {
    "church": 1,
    "member": 6,
    "giver_name": "Jaan",
    "phone_number": "9900876500",
    "amount": "99.00",
    "upi_transaction_id": "57656dgttyybrds",
    "category": "tithes",
    "thank_you_message": "Thank you for your generosity!",
    "created_at": "2025-06-20T04:48:28.082Z",
    "receipt_number": "OG-20250620-7768"
  }
},
{
  "model": "church.onlinegiving",
  "pk": 32,
  "fields": {
    "church": 1,
    "member": 6,
    "giver_name": "Ngamraibou",
    "phone_number": "9870009696",
    "amount": "11500.00",
    "upi_transaction_id": "57656dgttyyuutyt",
    "category": "tithes",
    "thank_you_message": "Thank you for your generosity!",
    "created_at": "2025-07-06T04:35:13.344Z",
    "receipt_number": "OG-20250706-8522"
  }
},
{
  "model": "church.onlinegiving",
  "pk": 33,
  "fields": {
    "church": 1,
    "member": 6,
    "giver_name": "Ngamraibou",
    "phone_number": "8798008017",
    "amount": "500.00",
    "upi_transaction_id": "57656dgttyyuwasz",
    "category": "donation",
    "thank_you_message": "Thank you for your generosity!",
    "created_at": "2025-07-15T09:21:00.871Z",
    "receipt_number": "OG-20250715-9615"
  }
},
{
  "model": "church.biblereadingplan",
  "pk": 19,
  "fields": {
    "church": 1,
    "title": "God's love",
    "scripture_reference": "John 3:22",
    "content": "{\"reference\": \"John 3:22\", \"verses\": [{\"verse\": \"\", \"text\": \"After these things came Jesus and his disciples into the land of Judaea; and there he tarried with them, and baptized.\\n\"}], \"commentary\": \"3:22-36 John was fully satisfied with the place and work assigned him; but Jesus came on a more important work. He also knew that Jesus would increase in honour and influence, for of his government and peace there would be no end, while he himself would be less followed. John knew that Jesus came from heaven as the Son of God, while he was a sinful, mortal man, who could only speak about the more plain subjects of religion. The words of Jesus were the words of God; he had the Spirit, not by measure, as the prophets, but in all fulness. Everlasting life could only be had by faith in Him, and might be thus obtained; whereas all those, who believe not in the Son of God, cannot partake of salvation, but the wrath of God for ever rests upon them.\"}",
    "reading_date": "2025-07-05",
    "created_at": "2025-07-05T02:59:02.341Z"
  }
},
{
  "model": "church.biblereadingplan",
  "pk": 20,
  "fields": {
    "church": 2,
    "title": "Prayer day",
    "scripture_reference": "John 3:16",
    "content": "{\"reference\": \"John 3:16\", \"verses\": [{\"verse\": \"\", \"text\": \"          For God so loved the world, that he gave his only begotten Son, that whosoever believeth in him should not perish, but have everlasting life.\\n\"}], \"commentary\": \"3:1-8 Nicodemus was afraid, or ashamed to be seen with Christ, therefore came in the night. When religion is out of fashion, there are many Nicodemites. But though he came by night, Jesus bid him welcome, and hereby taught us to encourage good beginnings, although weak. And though now he came by night, yet afterward he owned Christ publicly. He did not talk with Christ about state affairs, though he was a ruler, but about the concerns of his own soul and its salvation, and went at once to them. Our Saviour spoke of the necessity and nature of regeneration or the new birth, and at once directed Nicodemus to the source of holiness of the heart. Birth is the beginning of life; to be born again, is to begin to live anew, as those who have lived much amiss, or to little purpose. We must have a new nature, new principles, new affections, new aims. By our first birth we were corrupt, shapen in sin; therefore we must be made new creatures. No stronger expression could have been chosen to signify a great and most remarkable change of state and character. We must be entirely different from what we were before, as that which begins to be at any time, is not, and cannot be the same with that which was before. This new birth is from heaven, ch. 1:13, and its tendency is to heaven. It is a great change made in the heart of a sinner, by the power of the Holy Spirit. I\"}",
    "reading_date": "2025-07-12",
    "created_at": "2025-07-12T07:41:37.899Z"
  }
},
{
  "model": "church.biblereadingplan",
  "pk": 21,
  "fields": {
    "church": 2,
    "title": "Prayer day",
    "scripture_reference": "proverb 2:1",
    "content": "{\"reference\": \"proverb 2:1\", \"verses\": [{\"verse\": \"\", \"text\": \"My son, if thou wilt receive my words, and hide my commandments with thee;\\n\"}], \"commentary\": \"1. Jump directly to a chapter or verse just by entering it into the box. Try any abbreviation, down to even a single letter... for example try j3 or h11 or R7 niv or mt9 KJV.\\r\\n\\r\\n2. Combine key words, books and chapters as desired ... for example try Acts 27 ship.\"}",
    "reading_date": "2025-07-13",
    "created_at": "2025-07-13T12:15:03.565Z"
  }
},
{
  "model": "church.biblereadingplan",
  "pk": 22,
  "fields": {
    "church": 1,
    "title": "worship",
    "scripture_reference": "Matthew 2:16",
    "content": "{\"reference\": \"Matthew 2:16\", \"verses\": [{\"verse\": \"\", \"text\": \"Then Herod, when he saw that he was mocked of the wise men, was exceeding wroth, and sent forth, and slew all the children that were in Bethlehem, and in all the coasts thereof, from two years old and under, according to the time which he had diligently enquired of the wise men.\\n\"}], \"commentary\": \"Now when Jesus was born in Bethlehem of Judaea in the days of Herod the king, behold, there came wise men from the east to Jerusalem,\\r\\n2:1-8 Those who live at the greatest distance from the means of grace often use most diligence, and learn to know the most of Christ and his salvation. But no curious arts, or mere human learning, can direct men unto him. We must learn of Christ by attending to the word of God, as a light that shineth in a dark place, and by seeking the teaching of the Holy Spirit. And those in whose hearts the day-star is risen, to give them any thing of the knowledge of Christ, make it their business to worship him. Though Herod was very old, and never had shown affection for his family, and was not himself likely to live till a new-born infant had grown up to manhood, he began to be troubled with the dread of a rival. He understood not the spiritual nature of the Messiah's kingdom. Let us beware of a dead faith. A man may be persuaded of many truths, and yet may hate them, because they interfere with his ambition, or sinful indulgences. Such a belief will make him uneasy, and the more resolved to oppose the truth and the cause of God; and he may be foolish enough to hope for success therein.\"}",
    "reading_date": "2025-07-15",
    "created_at": "2025-07-15T12:44:02.570Z"
  }
},
{
  "model": "church.memberreadinglog",
  "pk": 6,
  "fields": {
    "member": 6,
    "reading_plan": 19,
    "completed_at": "2025-07-05T03:14:07.225Z"
  }
},
{
  "model": "church.memberreadinglog",
  "pk": 7,
  "fields": {
    "member": 8,
    "reading_plan": 20,
    "completed_at": "2025-07-12T07:42:05.959Z"
  }
},
{
  "model": "church.activitylog",
  "pk": 1,
  "fields": {
    "member": 28,
    "activity_type": "Devotional",
    "description": "Marked devotional for 2025-07-05 as read",
    "timestamp": "2025-07-05T02:51:25.608Z"
  }
},
{
  "model": "church.activitylog",
  "pk": 2,
  "fields": {
    "member": 28,
    "activity_type": "Devotional",
    "description": "Marked devotional for 2025-07-05 as read",
    "timestamp": "2025-07-05T03:14:07.238Z"
  }
},
{
  "model": "church.activitylog",
  "pk": 3,
  "fields": {
    "member": 39,
    "activity_type": "Devotional",
    "description": "Marked devotional for 2025-07-12 as read",
    "timestamp": "2025-07-12T07:42:05.963Z"
  }
},
{
  "model": "church.prayerrequest",
  "pk": 1,
  "fields": {
    "member": 28,
    "title": "Birthday",
    "content": "Please pray for her future carrier",
    "created_at": "2025-07-05T15:32:44.793Z"
  }
},
{
  "model": "church.prayerrequest",
  "pk": 2,
  "fields": {
    "member": 28,
    "title": "Pateint",
    "content": "pray for her health",
    "created_at": "2025-07-05T15:48:37.870Z"
  }
},
{
  "model": "church.prayerrequest",
  "pk": 3,
  "fields": {
    "member": 28,
    "title": "birthday",
    "content": "Prayer for his future carier",
    "created_at": "2025-07-05T17:05:54.183Z"
  }
},
{
  "model": "church.prayerrequest",
  "pk": 4,
  "fields": {
    "member": 28,
    "title": "birthday",
    "content": "Prayer for his future carier",
    "created_at": "2025-07-05T17:06:09.242Z"
  }
},
{
  "model": "church.prayerrequest",
  "pk": 5,
  "fields": {
    "member": 28,
    "title": "birthday",
    "content": "Prayer for his future carier",
    "created_at": "2025-07-05T17:06:22.598Z"
  }
},
{
  "model": "church.prayerrequest",
  "pk": 6,
  "fields": {
    "member": 28,
    "title": "birthday",
    "content": "Please for me",
    "created_at": "2025-07-05T17:07:29.044Z"
  }
},
{
  "model": "church.prayerrequest",
  "pk": 7,
  "fields": {
    "member": 28,
    "title": "Birthday",
    "content": "Pray for me",
    "created_at": "2025-07-05T17:08:01.467Z"
  }
},
{
  "model": "church.prayerrequest",
  "pk": 8,
  "fields": {
    "member": 40,
    "title": "Pray for my father",
    "content": "Marajiu bame kakheng thiu khailo",
    "created_at": "2025-07-13T12:24:15.233Z"
  }
},
{
  "model": "church.testimonial",
  "pk": 1,
  "fields": {
    "name": "Pastor Samuel",
    "message": "“NCMS made our church admin tasks so easy and organized.”",
    "photo": "testimonials/ChatGPT_Image_Jul_13_2025_02_23_03_PM.png",
    "created_at": "2025-07-13T10:52:02.926Z"
  }
},
{
  "model": "church.testimonial",
  "pk": 2,
  "fields": {
    "name": "Namgompibou Ringkangmai,  Mission Secretary, LBCA/M",
    "message": "\"This Ngamrai Church Management System (NCMS) has been incredibly helpful!\r\nIf you're considering using it, I can confidently say it will take the stress out of your work. It’s especially valuable for local churches—making audits simple, smooth, and free from errors.\r\nI highly recommend giving it a try and experiencing the difference for yourself!\"",
    "photo": "testimonials/Aboy.jpg",
    "created_at": "2025-07-15T09:48:03.893Z"
  }
},
{
  "model": "church.testimonial",
  "pk": 3,
  "fields": {
    "name": "Sister Rachel",
    "message": "“Our livestreams and volunteer work have become more coordinated.”",
    "photo": "testimonials/images.jpeg",
    "created_at": "2025-07-15T09:54:30.812Z"
  }
},
{
  "model": "church.chairmanmessage",
  "pk": 1,
  "fields": {
    "title": "A Message from the Developer's Desk",
    "message": "“As churches grow in size and complexity, the need for streamlined, transparent, and secure management has never been greater. The Ngamrai Church Management System (NCMS) was born out of a deep desire to equip churches with a digital platform that empowers both leadership and members.\r\n\r\nWith NCMS, we’re not just offering a tool—we’re offering a new way to connect, serve, and steward resources responsibly. From managing member records to coordinating volunteers, broadcasting live services, tracking finances, and maintaining clear communication through chat rooms—NCMS brings it all together under one unified system.\r\n\r\nIt’s our prayer that every church, big or small, rural or urban, will find NCMS to be a blessing and a solution that simplifies church administration, strengthens community bonds, and ultimately glorifies God through effective ministry.\r\n\r\nTogether, let us build a connected and well-managed church community.”",
    "photo": "chairman/Screenshot_2025-04-21_180911.png",
    "created_at": "2025-07-13T11:44:02.185Z"
  }
},
{
  "model": "church.licensekey",
  "pk": 1,
  "fields": {
    "key": "GQLBJSML9RDJ1T4D0W6P",
    "church_name": "Makui Baptist Church",
    "issued_to_email": "makuibc@gmail.com",
    "is_active": false,
    "issued_at": "2025-07-14T05:48:57.153Z",
    "expires_at": "2026-07-14T05:30:00Z",
    "notes": "payment done",
    "plan": "standard",
    "church": null,
    "activated_at": null
  }
},
{
  "model": "church.licensekey",
  "pk": 2,
  "fields": {
    "key": "G260HE8YOYW3FLPAYKM76JIL",
    "church_name": null,
    "issued_to_email": null,
    "is_active": false,
    "issued_at": "2025-07-14T05:50:13.822Z",
    "expires_at": null,
    "notes": null,
    "plan": "basic",
    "church": null,
    "activated_at": null
  }
},
{
  "model": "church.licensekey",
  "pk": 3,
  "fields": {
    "key": "HRCG20FZPE8G9IE32RQRNV0Z",
    "church_name": null,
    "issued_to_email": null,
    "is_active": false,
    "issued_at": "2025-07-14T05:50:13.822Z",
    "expires_at": null,
    "notes": null,
    "plan": "basic",
    "church": null,
    "activated_at": null
  }
},
{
  "model": "church.licensekey",
  "pk": 4,
  "fields": {
    "key": "DBPPTIQZ4D84L8BXFILD0IOC",
    "church_name": null,
    "issued_to_email": null,
    "is_active": false,
    "issued_at": "2025-07-14T05:50:13.822Z",
    "expires_at": null,
    "notes": null,
    "plan": "basic",
    "church": null,
    "activated_at": null
  }
},
{
  "model": "church.licensekey",
  "pk": 5,
  "fields": {
    "key": "VZXA4HIDZZKJHNOJLI6NYYC6",
    "church_name": null,
    "issued_to_email": null,
    "is_active": false,
    "issued_at": "2025-07-14T05:50:13.822Z",
    "expires_at": null,
    "notes": null,
    "plan": "basic",
    "church": null,
    "activated_at": null
  }
},
{
  "model": "church.licensekey",
  "pk": 6,
  "fields": {
    "key": "B8D2I3HI6J6Z51CQ8Q0VO4EL",
    "church_name": null,
    "issued_to_email": null,
    "is_active": false,
    "issued_at": "2025-07-14T05:50:13.822Z",
    "expires_at": null,
    "notes": null,
    "plan": "basic",
    "church": null,
    "activated_at": null
  }
},
{
  "model": "church.licensekey",
  "pk": 7,
  "fields": {
    "key": "WZUP4UVGBP3YUHUSSMSFSALS",
    "church_name": null,
    "issued_to_email": null,
    "is_active": false,
    "issued_at": "2025-07-14T05:50:13.822Z",
    "expires_at": null,
    "notes": null,
    "plan": "basic",
    "church": null,
    "activated_at": null
  }
},
{
  "model": "church.licensekey",
  "pk": 8,
  "fields": {
    "key": "0H669JXGIHSC4A01BT3R2RCU",
    "church_name": null,
    "issued_to_email": null,
    "is_active": false,
    "issued_at": "2025-07-14T05:50:13.822Z",
    "expires_at": null,
    "notes": null,
    "plan": "basic",
    "church": null,
    "activated_at": null
  }
},
{
  "model": "church.licensekey",
  "pk": 9,
  "fields": {
    "key": "5WHKBEKOSSNS18DUR8XGEPK1",
    "church_name": null,
    "issued_to_email": null,
    "is_active": false,
    "issued_at": "2025-07-14T05:50:13.822Z",
    "expires_at": null,
    "notes": null,
    "plan": "basic",
    "church": null,
    "activated_at": null
  }
},
{
  "model": "church.licensekey",
  "pk": 10,
  "fields": {
    "key": "7E5W62Z7BJHETKHPX1OIMLJZ",
    "church_name": "Demo Church",
    "issued_to_email": "demochurch1@gmail.com",
    "is_active": true,
    "issued_at": "2025-07-14T14:14:52.192Z",
    "expires_at": null,
    "notes": null,
    "plan": "basic",
    "church": null,
    "activated_at": null
  }
},
{
  "model": "church.licensekey",
  "pk": 11,
  "fields": {
    "key": "2XSFOYH5151ORYBBTJIXG0RK",
    "church_name": "Demo Church 2",
    "issued_to_email": "demobaptist2@gmail.com",
    "is_active": true,
    "issued_at": "2025-07-14T14:31:45.588Z",
    "expires_at": null,
    "notes": null,
    "plan": "basic",
    "church": null,
    "activated_at": null
  }
},
{
  "model": "church.subscription",
  "pk": 1,
  "fields": {
    "church": 1,
    "is_active": true,
    "last_paid_at": "2025-07-14",
    "next_due_date": "2025-08-14",
    "plan": "monthly",
    "amount": "799.00",
    "payment_note": "",
    "confirmed_by": null,
    "confirmed_at": null
  }
},
{
  "model": "church.subscription",
  "pk": 2,
  "fields": {
    "church": 12,
    "is_active": true,
    "last_paid_at": "2025-07-14",
    "next_due_date": "2025-08-14",
    "plan": "monthly",
    "amount": "799.00",
    "payment_note": "payment done",
    "confirmed_by": null,
    "confirmed_at": null
  }
},
{
  "model": "church.subscription",
  "pk": 3,
  "fields": {
    "church": 13,
    "is_active": true,
    "last_paid_at": "2025-07-14",
    "next_due_date": "2025-08-14",
    "plan": "monthly",
    "amount": "0.00",
    "payment_note": null,
    "confirmed_by": null,
    "confirmed_at": null
  }
},
{
  "model": "church.paymentqrcode",
  "pk": 1,
  "fields": {
    "title": "UPI Payment",
    "upi_id": "ngamraibouchawang@oksbi",
    "qr_image": "payment_qr/my_real_qr.jpg",
    "uploaded_at": "2025-07-14T08:57:42.748Z"
  }
},
{
  "model": "church.memberchatmessage",
  "pk": 1,
  "fields": {
    "church": 1,
    "sender": 28,
    "content": "hi",
    "sent_at": "2025-07-14T15:41:16.279Z",
    "is_deleted": true,
    "deleted_by": 35
  }
},
{
  "model": "church.memberchatmessage",
  "pk": 2,
  "fields": {
    "church": 1,
    "sender": 28,
    "content": "Mathiu wibam ma?",
    "sent_at": "2025-07-14T15:41:31.192Z",
    "is_deleted": true,
    "deleted_by": 35
  }
},
{
  "model": "church.memberchatmessage",
  "pk": 3,
  "fields": {
    "church": 1,
    "sender": 28,
    "content": "hello",
    "sent_at": "2025-07-14T16:34:22.775Z",
    "is_deleted": true,
    "deleted_by": 35
  }
},
{
  "model": "church.memberchatmessage",
  "pk": 4,
  "fields": {
    "church": 1,
    "sender": 49,
    "content": "wibam ma?",
    "sent_at": "2025-07-14T16:49:46.350Z",
    "is_deleted": true,
    "deleted_by": 35
  }
},
{
  "model": "church.memberchatmessage",
  "pk": 5,
  "fields": {
    "church": 1,
    "sender": 28,
    "content": "hggvb",
    "sent_at": "2025-07-14T16:55:44.537Z",
    "is_deleted": true,
    "deleted_by": 35
  }
},
{
  "model": "church.memberchatmessage",
  "pk": 6,
  "fields": {
    "church": 1,
    "sender": 28,
    "content": "nbhvb",
    "sent_at": "2025-07-14T16:55:46.372Z",
    "is_deleted": true,
    "deleted_by": 35
  }
},
{
  "model": "church.memberchatmessage",
  "pk": 7,
  "fields": {
    "church": 1,
    "sender": 28,
    "content": "mknhvhvv",
    "sent_at": "2025-07-14T16:55:47.618Z",
    "is_deleted": true,
    "deleted_by": 35
  }
},
{
  "model": "church.memberchatmessage",
  "pk": 8,
  "fields": {
    "church": 1,
    "sender": 28,
    "content": "mn vhjvjb",
    "sent_at": "2025-07-14T16:55:48.865Z",
    "is_deleted": true,
    "deleted_by": 35
  }
},
{
  "model": "church.memberchatmessage",
  "pk": 9,
  "fields": {
    "church": 1,
    "sender": 28,
    "content": "mn hvvhvc",
    "sent_at": "2025-07-14T16:55:50.455Z",
    "is_deleted": true,
    "deleted_by": 35
  }
},
{
  "model": "church.memberchatmessage",
  "pk": 10,
  "fields": {
    "church": 1,
    "sender": 28,
    "content": "gfxe5esrt",
    "sent_at": "2025-07-14T16:55:51.647Z",
    "is_deleted": true,
    "deleted_by": 35
  }
},
{
  "model": "church.memberchatmessage",
  "pk": 11,
  "fields": {
    "church": 1,
    "sender": 28,
    "content": "jkbvhvhbm",
    "sent_at": "2025-07-14T16:55:52.841Z",
    "is_deleted": true,
    "deleted_by": 35
  }
},
{
  "model": "church.memberchatmessage",
  "pk": 12,
  "fields": {
    "church": 1,
    "sender": 28,
    "content": "mn hvtdtyhv",
    "sent_at": "2025-07-14T16:55:54.254Z",
    "is_deleted": true,
    "deleted_by": 35
  }
},
{
  "model": "church.memberchatmessage",
  "pk": 13,
  "fields": {
    "church": 1,
    "sender": 28,
    "content": "m, hvgccgv",
    "sent_at": "2025-07-14T16:55:55.708Z",
    "is_deleted": true,
    "deleted_by": 35
  }
},
{
  "model": "church.memberchatmessage",
  "pk": 14,
  "fields": {
    "church": 1,
    "sender": 28,
    "content": "m, vgghg gjvujvjbktjv",
    "sent_at": "2025-07-14T16:55:58.627Z",
    "is_deleted": true,
    "deleted_by": 35
  }
},
{
  "model": "church.memberchatmessage",
  "pk": 15,
  "fields": {
    "church": 1,
    "sender": 28,
    "content": "mn hvgvjyv .jcyshcv",
    "sent_at": "2025-07-14T16:56:01.463Z",
    "is_deleted": true,
    "deleted_by": 35
  }
},
{
  "model": "church.memberchatmessage",
  "pk": 16,
  "fields": {
    "church": 1,
    "sender": 28,
    "content": "bcgrserexhjvjutjyfgjvvxjtydjvvkjb",
    "sent_at": "2025-07-14T16:56:04.624Z",
    "is_deleted": true,
    "deleted_by": 35
  }
},
{
  "model": "church.memberchatmessage",
  "pk": 17,
  "fields": {
    "church": 1,
    "sender": 28,
    "content": "gvytdfhxjgnxghcgngxznmhchb",
    "sent_at": "2025-07-14T16:57:23.089Z",
    "is_deleted": true,
    "deleted_by": 35
  }
},
{
  "model": "church.memberchatmessage",
  "pk": 18,
  "fields": {
    "church": 1,
    "sender": 28,
    "content": "bhcgrfaweazngcghcyjmhvh.b",
    "sent_at": "2025-07-14T16:57:25.476Z",
    "is_deleted": true,
    "deleted_by": 35
  }
},
{
  "model": "church.memberchatmessage",
  "pk": 19,
  "fields": {
    "church": 1,
    "sender": 28,
    "content": "hi",
    "sent_at": "2025-07-14T18:02:26.359Z",
    "is_deleted": true,
    "deleted_by": 35
  }
},
{
  "model": "church.memberchatmessage",
  "pk": 20,
  "fields": {
    "church": 1,
    "sender": 28,
    "content": "kalang lo",
    "sent_at": "2025-07-14T18:02:34.453Z",
    "is_deleted": true,
    "deleted_by": 35
  }
},
{
  "model": "church.memberchatmessage",
  "pk": 21,
  "fields": {
    "church": 1,
    "sender": 28,
    "content": "good morning",
    "sent_at": "2025-07-15T02:03:52.258Z",
    "is_deleted": true,
    "deleted_by": 35
  }
},
{
  "model": "church.memberchatmessage",
  "pk": 22,
  "fields": {
    "church": 1,
    "sender": 28,
    "content": "hi",
    "sent_at": "2025-07-15T03:53:42.727Z",
    "is_deleted": true,
    "deleted_by": 35
  }
},
{
  "model": "church.memberchatmessage",
  "pk": 23,
  "fields": {
    "church": 1,
    "sender": 35,
    "content": "hi",
    "sent_at": "2025-07-15T04:26:29.512Z",
    "is_deleted": true,
    "deleted_by": 35
  }
},
{
  "model": "church.memberchatmessage",
  "pk": 24,
  "fields": {
    "church": 1,
    "sender": 35,
    "content": "hi",
    "sent_at": "2025-07-15T04:26:47.677Z",
    "is_deleted": true,
    "deleted_by": 35
  }
},
{
  "model": "church.memberchatmessage",
  "pk": 25,
  "fields": {
    "church": 1,
    "sender": 28,
    "content": "Kam mawi ye no haira",
    "sent_at": "2025-07-15T04:31:55.936Z",
    "is_deleted": true,
    "deleted_by": 35
  }
},
{
  "model": "church.memberchatmessage",
  "pk": 26,
  "fields": {
    "church": 1,
    "sender": 35,
    "content": "wibam ma mathiu?",
    "sent_at": "2025-07-15T05:00:20.336Z",
    "is_deleted": true,
    "deleted_by": 35
  }
},
{
  "model": "church.memberchatmessage",
  "pk": 27,
  "fields": {
    "church": 1,
    "sender": 35,
    "content": "wibam ma mathiu?",
    "sent_at": "2025-07-15T05:02:07.460Z",
    "is_deleted": true,
    "deleted_by": 35
  }
},
{
  "model": "church.memberchatmessage",
  "pk": 28,
  "fields": {
    "church": 1,
    "sender": 35,
    "content": "jjjj",
    "sent_at": "2025-07-15T05:02:29.951Z",
    "is_deleted": true,
    "deleted_by": 35
  }
},
{
  "model": "church.memberchatmessage",
  "pk": 29,
  "fields": {
    "church": 1,
    "sender": 35,
    "content": "hi",
    "sent_at": "2025-07-15T05:34:00.892Z",
    "is_deleted": true,
    "deleted_by": 35
  }
},
{
  "model": "church.memberchatmessage",
  "pk": 30,
  "fields": {
    "church": 1,
    "sender": 35,
    "content": "hi",
    "sent_at": "2025-07-15T05:37:06.054Z",
    "is_deleted": true,
    "deleted_by": 35
  }
},
{
  "model": "church.memberchatmessage",
  "pk": 31,
  "fields": {
    "church": 1,
    "sender": 35,
    "content": "hi",
    "sent_at": "2025-07-15T05:37:09.910Z",
    "is_deleted": true,
    "deleted_by": 35
  }
},
{
  "model": "church.memberchatmessage",
  "pk": 32,
  "fields": {
    "church": 1,
    "sender": 35,
    "content": "hi",
    "sent_at": "2025-07-15T05:37:11.290Z",
    "is_deleted": true,
    "deleted_by": 35
  }
},
{
  "model": "church.memberchatmessage",
  "pk": 33,
  "fields": {
    "church": 1,
    "sender": 35,
    "content": "hh",
    "sent_at": "2025-07-15T05:37:18.466Z",
    "is_deleted": true,
    "deleted_by": 35
  }
},
{
  "model": "church.memberchatmessage",
  "pk": 34,
  "fields": {
    "church": 1,
    "sender": 35,
    "content": "hh",
    "sent_at": "2025-07-15T05:37:38.048Z",
    "is_deleted": true,
    "deleted_by": 35
  }
},
{
  "model": "church.memberchatmessage",
  "pk": 35,
  "fields": {
    "church": 1,
    "sender": 28,
    "content": "hi",
    "sent_at": "2025-07-15T05:38:44.599Z",
    "is_deleted": true,
    "deleted_by": 35
  }
},
{
  "model": "church.memberchatmessage",
  "pk": 36,
  "fields": {
    "church": 1,
    "sender": 35,
    "content": "hi",
    "sent_at": "2025-07-15T05:43:22.298Z",
    "is_deleted": true,
    "deleted_by": 35
  }
},
{
  "model": "church.memberchatmessage",
  "pk": 37,
  "fields": {
    "church": 1,
    "sender": 35,
    "content": "hi",
    "sent_at": "2025-07-15T05:43:22.375Z",
    "is_deleted": true,
    "deleted_by": 35
  }
},
{
  "model": "church.memberchatmessage",
  "pk": 38,
  "fields": {
    "church": 1,
    "sender": 35,
    "content": "hello",
    "sent_at": "2025-07-15T05:43:48.945Z",
    "is_deleted": true,
    "deleted_by": 35
  }
},
{
  "model": "church.memberchatmessage",
  "pk": 39,
  "fields": {
    "church": 1,
    "sender": 35,
    "content": "hello",
    "sent_at": "2025-07-15T05:43:49.031Z",
    "is_deleted": true,
    "deleted_by": 35
  }
},
{
  "model": "church.memberchatmessage",
  "pk": 40,
  "fields": {
    "church": 1,
    "sender": 35,
    "content": "hi",
    "sent_at": "2025-07-15T05:44:01.098Z",
    "is_deleted": true,
    "deleted_by": 35
  }
},
{
  "model": "church.memberchatmessage",
  "pk": 41,
  "fields": {
    "church": 1,
    "sender": 35,
    "content": "hi",
    "sent_at": "2025-07-15T05:44:01.167Z",
    "is_deleted": true,
    "deleted_by": 35
  }
},
{
  "model": "church.memberchatmessage",
  "pk": 42,
  "fields": {
    "church": 1,
    "sender": 35,
    "content": "hi",
    "sent_at": "2025-07-15T05:54:17.990Z",
    "is_deleted": true,
    "deleted_by": 35
  }
},
{
  "model": "church.memberchatmessage",
  "pk": 43,
  "fields": {
    "church": 1,
    "sender": 35,
    "content": "hi",
    "sent_at": "2025-07-15T05:54:17.992Z",
    "is_deleted": true,
    "deleted_by": 35
  }
},
{
  "model": "church.memberchatmessage",
  "pk": 44,
  "fields": {
    "church": 1,
    "sender": 35,
    "content": "hi",
    "sent_at": "2025-07-15T05:58:53.663Z",
    "is_deleted": true,
    "deleted_by": 35
  }
},
{
  "model": "church.memberchatmessage",
  "pk": 45,
  "fields": {
    "church": 1,
    "sender": 35,
    "content": "hi",
    "sent_at": "2025-07-15T05:58:59.617Z",
    "is_deleted": true,
    "deleted_by": 35
  }
},
{
  "model": "church.memberchatmessage",
  "pk": 46,
  "fields": {
    "church": 1,
    "sender": 35,
    "content": "hi",
    "sent_at": "2025-07-15T05:59:03.376Z",
    "is_deleted": true,
    "deleted_by": 35
  }
},
{
  "model": "church.memberchatmessage",
  "pk": 47,
  "fields": {
    "church": 1,
    "sender": 35,
    "content": "hi",
    "sent_at": "2025-07-15T05:59:08.150Z",
    "is_deleted": true,
    "deleted_by": 35
  }
},
{
  "model": "church.memberchatmessage",
  "pk": 48,
  "fields": {
    "church": 1,
    "sender": 35,
    "content": "hi",
    "sent_at": "2025-07-15T05:59:36.602Z",
    "is_deleted": true,
    "deleted_by": 35
  }
},
{
  "model": "church.memberchatmessage",
  "pk": 49,
  "fields": {
    "church": 1,
    "sender": 35,
    "content": "hi",
    "sent_at": "2025-07-15T06:05:03.593Z",
    "is_deleted": true,
    "deleted_by": 35
  }
},
{
  "model": "church.memberchatmessage",
  "pk": 50,
  "fields": {
    "church": 1,
    "sender": 35,
    "content": "hi",
    "sent_at": "2025-07-15T06:13:03.230Z",
    "is_deleted": true,
    "deleted_by": 35
  }
},
{
  "model": "church.memberchatmessage",
  "pk": 51,
  "fields": {
    "church": 1,
    "sender": 35,
    "content": "hi",
    "sent_at": "2025-07-15T06:13:15.633Z",
    "is_deleted": true,
    "deleted_by": 35
  }
},
{
  "model": "church.memberchatmessage",
  "pk": 52,
  "fields": {
    "church": 1,
    "sender": 35,
    "content": "hi",
    "sent_at": "2025-07-15T06:16:25.930Z",
    "is_deleted": true,
    "deleted_by": 35
  }
},
{
  "model": "church.memberchatmessage",
  "pk": 53,
  "fields": {
    "church": 1,
    "sender": 35,
    "content": "hello",
    "sent_at": "2025-07-15T06:16:33.941Z",
    "is_deleted": true,
    "deleted_by": 35
  }
},
{
  "model": "church.memberchatmessage",
  "pk": 54,
  "fields": {
    "church": 1,
    "sender": 35,
    "content": "hi",
    "sent_at": "2025-07-15T06:16:44.856Z",
    "is_deleted": true,
    "deleted_by": 35
  }
},
{
  "model": "church.memberchatmessage",
  "pk": 55,
  "fields": {
    "church": 1,
    "sender": 35,
    "content": "tetiu luma?",
    "sent_at": "2025-07-15T06:17:06.653Z",
    "is_deleted": true,
    "deleted_by": 35
  }
},
{
  "model": "church.memberchatmessage",
  "pk": 56,
  "fields": {
    "church": 1,
    "sender": 35,
    "content": "tiu lune",
    "sent_at": "2025-07-15T06:17:51.086Z",
    "is_deleted": true,
    "deleted_by": 35
  }
},
{
  "model": "church.memberchatmessage",
  "pk": 57,
  "fields": {
    "church": 1,
    "sender": 35,
    "content": "jkhh",
    "sent_at": "2025-07-15T06:18:23.505Z",
    "is_deleted": true,
    "deleted_by": 35
  }
},
{
  "model": "church.memberchatmessage",
  "pk": 58,
  "fields": {
    "church": 1,
    "sender": 35,
    "content": "jhvhffj",
    "sent_at": "2025-07-15T06:18:26.212Z",
    "is_deleted": true,
    "deleted_by": 35
  }
},
{
  "model": "church.memberchatmessage",
  "pk": 59,
  "fields": {
    "church": 1,
    "sender": 28,
    "content": "hello",
    "sent_at": "2025-07-15T06:41:11.589Z",
    "is_deleted": true,
    "deleted_by": 35
  }
},
{
  "model": "church.memberchatmessage",
  "pk": 60,
  "fields": {
    "church": 1,
    "sender": 28,
    "content": "yfuyj",
    "sent_at": "2025-07-15T06:41:32.073Z",
    "is_deleted": true,
    "deleted_by": 35
  }
},
{
  "model": "church.memberchatmessage",
  "pk": 61,
  "fields": {
    "church": 1,
    "sender": 28,
    "content": "hhgcuj",
    "sent_at": "2025-07-15T06:41:33.192Z",
    "is_deleted": true,
    "deleted_by": 35
  }
},
{
  "model": "church.memberchatmessage",
  "pk": 62,
  "fields": {
    "church": 1,
    "sender": 28,
    "content": "hggtrstrdvvigi",
    "sent_at": "2025-07-15T06:41:36.265Z",
    "is_deleted": true,
    "deleted_by": 35
  }
},
{
  "model": "church.memberchatmessage",
  "pk": 63,
  "fields": {
    "church": 1,
    "sender": 28,
    "content": "frdyhvj",
    "sent_at": "2025-07-15T06:41:42.226Z",
    "is_deleted": true,
    "deleted_by": 35
  }
},
{
  "model": "church.memberchatmessage",
  "pk": 64,
  "fields": {
    "church": 1,
    "sender": 28,
    "content": "hgchvjvkj",
    "sent_at": "2025-07-15T06:41:43.459Z",
    "is_deleted": true,
    "deleted_by": 35
  }
},
{
  "model": "church.memberchatmessage",
  "pk": 65,
  "fields": {
    "church": 1,
    "sender": 28,
    "content": "njkbjkb",
    "sent_at": "2025-07-15T06:41:44.511Z",
    "is_deleted": true,
    "deleted_by": 35
  }
},
{
  "model": "church.memberchatmessage",
  "pk": 66,
  "fields": {
    "church": 1,
    "sender": 35,
    "content": "hi",
    "sent_at": "2025-07-15T07:06:51.747Z",
    "is_deleted": true,
    "deleted_by": 35
  }
},
{
  "model": "church.memberchatmessage",
  "pk": 67,
  "fields": {
    "church": 1,
    "sender": 35,
    "content": "good morning",
    "sent_at": "2025-07-15T07:10:30.837Z",
    "is_deleted": true,
    "deleted_by": 35
  }
},
{
  "model": "church.memberchatmessage",
  "pk": 68,
  "fields": {
    "church": 1,
    "sender": 35,
    "content": "hi",
    "sent_at": "2025-07-15T07:27:24.554Z",
    "is_deleted": true,
    "deleted_by": 35
  }
},
{
  "model": "church.memberchatmessage",
  "pk": 69,
  "fields": {
    "church": 1,
    "sender": 35,
    "content": "hello",
    "sent_at": "2025-07-15T07:27:28.094Z",
    "is_deleted": true,
    "deleted_by": 35
  }
},
{
  "model": "church.memberchatmessage",
  "pk": 70,
  "fields": {
    "church": 1,
    "sender": 35,
    "content": "hi",
    "sent_at": "2025-07-15T07:27:35.605Z",
    "is_deleted": true,
    "deleted_by": 35
  }
},
{
  "model": "church.memberchatmessage",
  "pk": 71,
  "fields": {
    "church": 1,
    "sender": 35,
    "content": "good morning",
    "sent_at": "2025-07-15T07:27:47.255Z",
    "is_deleted": true,
    "deleted_by": 35
  }
},
{
  "model": "church.memberchatmessage",
  "pk": 72,
  "fields": {
    "church": 1,
    "sender": 35,
    "content": "hfjggfyj",
    "sent_at": "2025-07-15T07:30:56.087Z",
    "is_deleted": true,
    "deleted_by": 35
  }
},
{
  "model": "church.memberchatmessage",
  "pk": 73,
  "fields": {
    "church": 1,
    "sender": 35,
    "content": "n nvjjvb",
    "sent_at": "2025-07-15T07:30:57.329Z",
    "is_deleted": true,
    "deleted_by": 35
  }
},
{
  "model": "church.memberchatmessage",
  "pk": 74,
  "fields": {
    "church": 1,
    "sender": 35,
    "content": "mnvhchjj",
    "sent_at": "2025-07-15T07:30:58.412Z",
    "is_deleted": true,
    "deleted_by": 35
  }
},
{
  "model": "church.memberchatmessage",
  "pk": 75,
  "fields": {
    "church": 1,
    "sender": 35,
    "content": "m,vhjvjhv",
    "sent_at": "2025-07-15T07:30:59.552Z",
    "is_deleted": true,
    "deleted_by": 35
  }
},
{
  "model": "church.memberchatmessage",
  "pk": 76,
  "fields": {
    "church": 1,
    "sender": 35,
    "content": "hello good morning",
    "sent_at": "2025-07-15T07:31:29.009Z",
    "is_deleted": true,
    "deleted_by": 35
  }
},
{
  "model": "church.memberchatmessage",
  "pk": 77,
  "fields": {
    "church": 1,
    "sender": 28,
    "content": "hi",
    "sent_at": "2025-07-15T07:41:29.153Z",
    "is_deleted": true,
    "deleted_by": 35
  }
},
{
  "model": "church.memberchatmessage",
  "pk": 78,
  "fields": {
    "church": 1,
    "sender": 35,
    "content": "hi",
    "sent_at": "2025-07-15T07:41:53.529Z",
    "is_deleted": true,
    "deleted_by": 35
  }
},
{
  "model": "church.memberchatmessage",
  "pk": 79,
  "fields": {
    "church": 1,
    "sender": 35,
    "content": "hi",
    "sent_at": "2025-07-15T07:54:19.509Z",
    "is_deleted": false,
    "deleted_by": null
  }
},
{
  "model": "church.memberchatmessage",
  "pk": 80,
  "fields": {
    "church": 1,
    "sender": 28,
    "content": "hii...",
    "sent_at": "2025-07-15T07:54:35.480Z",
    "is_deleted": true,
    "deleted_by": 28
  }
},
{
  "model": "church.memberchatmessage",
  "pk": 81,
  "fields": {
    "church": 1,
    "sender": 28,
    "content": "hi",
    "sent_at": "2025-07-15T08:10:43.892Z",
    "is_deleted": true,
    "deleted_by": 28
  }
},
{
  "model": "church.memberchatmessage",
  "pk": 82,
  "fields": {
    "church": 1,
    "sender": 28,
    "content": "welcome",
    "sent_at": "2025-07-15T08:10:49.200Z",
    "is_deleted": false,
    "deleted_by": null
  }
},
{
  "model": "church.memberchatmessage",
  "pk": 83,
  "fields": {
    "church": 1,
    "sender": 28,
    "content": "hi",
    "sent_at": "2025-07-15T12:45:38.284Z",
    "is_deleted": false,
    "deleted_by": null
  }
}
]
